Id,Role,Name,Squad,Price,MyRating,Mate,Regularness,FVM,Age,Pg22_23,Mv22_23,Mf22_23,Pg21_22,Mv21_22,Mf21_22,Pg20_21,Mv20_21,Mf20_21,Pg19_20,Mv19_20,Mf19_20,Pg18_19,Mv18_19,Mf18_19,ExpectedMf
4431,P,Carnesecchi,Atalanta,10,1.4,Musso,3,10,23,27,6.35,4.63,0,0.0,0.0,0,0.0,0.0,0,0.0,0.0,0,0.0,0.0,4.71
2792,P,Musso,Atalanta,5,2.4,Carnesecchi,4,28,29,23,6.13,4.85,33,6.11,4.79,35,6.13,4.6,38,6.28,5.08,29,6.26,4.81,4.85
2297,P,Rossi F.,Atalanta,1,1.0,,1,1,28,0,0.0,0.0,1,6.0,5.0,0,0.0,0.0,1,6.0,5.0,1,0.0,0.0,4.81
554,D,Zappacosta,Atalanta,15,4.4,Holm,4,41,31,21,6.12,6.64,31,6.08,6.24,25,6.22,6.72,9,5.72,5.83,0,0.0,0.0,6.19
5067,D,Bakker,Atalanta,11,4.0,Ruggeri,4,23,23,0,0.0,0.0,0,0.0,0.0,0,0.0,0.0,0,0.0,0.0,0,0.0,0.0,6.05
5526,D,Scalvini,Atalanta,10,3.4,,5,30,20,32,5.95,6.03,14,5.96,6.14,0,0.0,0.0,0,0.0,0.0,0,0.0,0.0,6.24
5678,D,Holm,Atalanta,10,3.0,Zappacosta,3,20,26,18,6.06,6.17,0,0.0,0.0,0,0.0,0.0,0,0.0,0.0,0,0.0,0.0,6.18
2640,D,Kolasinac,Atalanta,9,4.0,,5,22,30,0,0.0,0.0,0,0.0,0.0,0,0.0,0.0,0,0.0,0.0,0,0.0,0.0,6.15
695,D,Toloi,Atalanta,8,3.0,Djimsiti,4,12,33,32,5.98,6.05,19,6.0,6.05,31,5.94,5.97,33,6.18,6.35,21,6.07,6.19,5.9
787,D,Djimsiti,Atalanta,8,2.7,Toloi,3,16,30,22,5.91,5.89,29,5.86,5.84,33,6.09,6.03,34,6.07,6.21,24,5.84,5.86,5.84
2181,D,Palomino,Atalanta,6,2.2,,3,8,33,14,5.82,5.75,33,6.14,6.09,36,5.97,6.05,30,5.97,6.05,30,6.05,6.07,5.89
2130,D,Hateboer,Atalanta,6,2.2,,3,10,29,17,5.88,5.91,21,5.79,5.74,22,6.16,6.41,32,5.88,5.85,35,6.06,6.57,6.13
4433,D,Zortea,Atalanta,5,2.1,,2,4,24,15,6.0,6.1,23,5.78,5.96,0,0.0,0.0,0,0.0,0.0,0,0.0,0.0,6.03
5354,D,Ruggeri,Atalanta,5,2.0,Bakker,3,10,21,10,5.85,5.8,13,5.85,5.81,6,5.5,5.5,0,0.0,0.0,0,0.0,0.0,5.82
6444,D,Bonfanti,Atalanta,1,1.0,,1,1,21,0,0.0,0.0,0,0.0,0.0,0,0.0,0.0,0,0.0,0.0,0,0.0,0.0,5.78
5685,C,Koopmeiners,Atalanta,24,4.8,,5,112,25,33,6.36,7.14,28,6.3,6.62,0,0.0,0.0,0,0.0,0.0,0,0.0,0.0,7.18
2077,C,Pasalic,Atalanta,13,4.0,Ederson D.s.,3,30,28,32,5.95,6.41,33,6.24,7.56,25,6.08,7.0,35,6.15,6.88,33,5.89,6.45,6.39
5792,C,Ederson D.s.,Atalanta,12,2.8,Pasalic,4,20,24,34,5.94,6.0,15,6.17,6.47,0,0.0,0.0,0,0.0,0.0,0,0.0,0.0,6.09
22,C,De Roon,Atalanta,11,3.0,,5,18,32,34,6.1,6.26,30,5.95,6.13,35,6.07,6.06,35,5.97,6.06,35,6.01,6.1,6.17
5001,C,Miranchuk,Atalanta,9,3.4,,3,8,28,28,6.23,6.84,18,5.89,6.44,25,6.22,7.03,0,0.0,0.0,0,0.0,0.0,6.75
5995,C,De Ketelaere,Atalanta,9,2.0,Lookman,3,41,22,27,5.74,5.74,0,0.0,0.0,0,0.0,0.0,0,0.0,0.0,0,0.0,0.0,5.91
4870,C,Adopo,Atalanta,3,1.0,,1,4,23,4,5.88,5.75,0,0.0,0.0,0,0.0,0.0,2,0.0,0.0,0,0.0,0.0,6.29
2137,A,Scamacca,Atalanta,27,4.0,Muriel,4,220,24,0,0.0,0.0,32,6.22,7.61,26,6.17,7.08,0,0.0,0.0,0,0.0,0.0,7.37
4730,A,Lookman,Atalanta,24,4.6,De Ketelaere,4,155,27,30,6.47,7.92,0,0.0,0.0,0,0.0,0.0,0,0.0,0.0,0,0.0,0.0,7.93
6229,A,Toure' E.,Atalanta,15,3.0,,2,45,23,0,0.0,0.0,0,0.0,0.0,0,0.0,0.0,0,0.0,0.0,0,0.0,0.0,6.79
507,A,Muriel,Atalanta,13,3.1,Scamacca,3,38,32,25,6.02,6.42,26,6.37,7.69,36,6.67,8.92,34,6.32,7.98,19,6.0,6.92,6.23
133,P,Skorupski,Bologna,10,2.7,,5,32,32,37,6.19,4.97,36,6.24,4.79,28,6.09,4.64,37,5.99,4.31,38,6.11,4.62,4.93
2722,P,Ravaglia F.,Bologna,1,1.0,,2,1,26,0,0.0,0.0,0,0.0,0.0,4,5.88,3.38,0,0.0,0.0,0,0.0,0.0,4.79
5822,P,Bagnolini,Bologna,1,1.0,,1,1,19,0,0.0,0.0,0,0.0,0.0,0,0.0,0.0,0,0.0,0.0,0,0.0,0.0,4.51
6066,D,Posch,Bologna,15,5.0,,5,46,26,30,6.12,6.68,0,0.0,0.0,0,0.0,0.0,0,0.0,0.0,0,0.0,0.0,6.7
6042,D,Lucumi',Bologna,7,1.7,,4,16,25,33,5.83,5.68,0,0.0,0.0,0,0.0,0.0,0,0.0,0.0,0,0.0,0.0,5.8
6148,D,Kristiansen,Bologna,7,4.0,,4,22,21,0,0.0,0.0,0,0.0,0.0,0,0.0,0.0,0,0.0,0.0,0,0.0,0.0,5.88
6202,D,Beukema,Bologna,6,4.0,,5,22,25,0,0.0,0.0,0,0.0,0.0,0,0.0,0.0,0,0.0,0.0,0,0.0,0.0,6.16
2653,D,Lykogiannis,Bologna,5,2.4,,3,8,30,19,5.97,6.21,25,5.7,5.78,31,5.8,6.1,20,5.74,5.68,11,5.5,5.55,6.09
4945,D,Calafiori,Bologna,4,2.0,,2,7,21,0,0.0,0.0,4,5.62,5.62,3,6.0,5.5,1,6.5,6.5,0,0.0,0.0,5.81
4891,D,Soumaoro,Bologna,3,1.4,,2,5,31,23,6.0,5.89,27,5.83,5.57,20,5.82,5.88,8,5.88,6.12,0,0.0,0.0,5.8
2192,D,Bonifazi,Bologna,2,1.2,,2,3,27,13,5.73,5.65,17,5.65,5.41,30,5.88,5.8,17,5.56,5.85,27,5.94,6.13,6.12
6407,D,Corazza,Bologna,2,1.0,,1,1,24,0,0.0,0.0,0,0.0,0.0,0,0.0,0.0,0,0.0,0.0,0,0.0,0.0,6.01
487,D,De Silvestri,Bologna,1,1.8,,1,3,35,13,5.92,5.96,31,5.94,6.18,29,5.71,5.86,29,5.77,5.73,32,6.0,6.29,5.68
5424,D,Amey,Bologna,1,1.0,,1,1,21,0,0.0,0.0,0,0.0,0.0,1,0.0,0.0,0,0.0,0.0,0,0.0,0.0,5.78
2167,C,Orsolini,Bologna,19,4.6,Saelemaekers,4,91,26,32,6.16,7.09,26,6.04,6.81,34,5.97,6.74,37,5.92,6.69,35,6.19,7.03,7.1
5858,C,Ferguson,Bologna,18,4.0,,5,71,24,31,6.24,6.85,0,0.0,0.0,0,0.0,0.0,0,0.0,0.0,0,0.0,0.0,6.9
5564,C,Ndoye,Bologna,12,3.0,Karlsson,3,25,23,0,0.0,0.0,0,0.0,0.0,0,0.0,0.0,0,0.0,0.0,0,0.0,0.0,6.39
788,C,Freuler,Bologna,7,2.3,,5,15,31,0,0.0,0.0,29,5.93,5.83,34,6.3,6.52,31,6.05,6.23,35,6.16,6.33,6.32
6054,C,Moro N.,Bologna,7,2.7,Fabbian,4,12,20,25,6.04,6.3,0,0.0,0.0,0,0.0,0.0,0,0.0,0.0,0,0.0,0.0,6.41
5784,C,Aebischer,Bologna,6,2.0,,2,9,26,26,5.87,5.9,8,5.88,5.81,0,0.0,0.0,0,0.0,0.0,0,0.0,0.0,5.95
6206,C,Fabbian,Bologna,6,3.0,Moro N.,3,18,20,0,0.0,0.0,0,0.0,0.0,0,0.0,0.0,0,0.0,0.0,0,0.0,0.0,6.2
4892,C,Saelemaekers,Bologna,4,2.3,Orsolini,3,7,24,29,5.91,6.17,34,6.01,6.16,32,5.94,6.14,13,6.0,6.08,0,0.0,0.0,6.23
5425,C,Urbanski,Bologna,2,1.0,,2,2,20,0,0.0,0.0,0,0.0,0.0,1,0.0,0.0,0,0.0,0.0,0,0.0,0.0,6.12
6225,C,El Azzouzi,Bologna,1,1.0,,1,2,27,0,0.0,0.0,0,0.0,0.0,0,0.0,0.0,0,0.0,0.0,0,0.0,0.0,6.35
5086,A,Zirkzee,Bologna,13,3.0,,5,71,22,18,6.06,6.44,0,0.0,0.0,4,5.5,5.5,0,0.0,0.0,0,0.0,0.0,6.69
6459,A,Karlsson,Bologna,11,2.0,Ndoye,4,25,25,0,0.0,0.0,0,0.0,0.0,0,0.0,0.0,0,0.0,0.0,0,0.0,0.0,6.99
5446,A,Van Hooijdonk,Bologna,2,1.0,,3,5,23,0,0.0,0.0,1,6.0,6.0,0,0.0,0.0,0,0.0,0.0,0,0.0,0.0,6.69
3,P,Radunovic,Cagliari,8,2.0,,5,13,28,0,0.0,0.0,3,6.33,5.67,0,0.0,0.0,3,5.83,3.0,0,0.0,0.0,4.87
574,P,Scuffet,Cagliari,1,1.0,,1,1,27,0,0.0,0.0,0,0.0,0.0,1,5.0,3.0,0,0.0,0.0,9,6.11,4.67,4.8
1946,P,Aresti,Cagliari,1,1.0,,1,1,25,0,0.0,0.0,0,0.0,0.0,0,0.0,0.0,0,0.0,0.0,0,0.0,0.0,4.77
4461,D,Zappa,Cagliari,6,1.9,,5,14,23,0,0.0,0.0,21,5.74,5.64,34,5.85,5.94,0,0.0,0.0,0,0.0,0.0,6.01
6230,D,Dossena,Cagliari,6,2.0,,5,7,25,0,0.0,0.0,0,0.0,0.0,0,0.0,0.0,0,0.0,0.0,0,0.0,0.0,6.09
6231,D,Azzi,Cagliari,6,2.0,Sulemana I.,3,10,29,0,0.0,0.0,0,0.0,0.0,0,0.0,0.0,0,0.0,0.0,0,0.0,0.0,6.13
6464,D,Wieteska,Cagliari,6,2.0,Hatzidiakos,4,7,26,0,0.0,0.0,0,0.0,0.0,0,0.0,0.0,0,0.0,0.0,0,0.0,0.0,6.12
4421,D,Augello,Cagliari,5,2.8,,5,12,29,37,5.84,6.09,34,5.81,5.93,37,5.92,6.03,17,6.06,6.12,0,0.0,0.0,6.04
5701,D,Obert,Cagliari,5,1.0,,3,6,21,0,0.0,0.0,4,5.88,5.88,0,0.0,0.0,0,0.0,0.0,0,0.0,0.0,5.8
6438,D,Hatzidiakos,Cagliari,5,2.0,Wieteska,3,7,26,0,0.0,0.0,0,0.0,0.0,0,0.0,0.0,0,0.0,0.0,0,0.0,0.0,6.12
418,D,Goldaniga,Cagliari,3,1.0,,2,3,30,0,0.0,0.0,11,5.64,5.5,25,5.85,5.73,13,5.59,5.68,29,5.57,5.6,6.06
5406,D,Di Pardo,Cagliari,3,1.0,,2,3,24,0,0.0,0.0,0,0.0,0.0,4,0.0,0.0,0,0.0,0.0,0,0.0,0.0,6.02
454,D,Capradossi,Cagliari,1,1.0,,1,1,27,0,0.0,0.0,0,0.0,0.0,1,6.5,6.5,0,0.0,0.0,0,0.0,0.0,6.11
1987,C,Jankto,Cagliari,8,2.8,,5,15,27,0,0.0,0.0,0,0.0,0.0,35,5.91,6.47,30,6.0,6.2,25,5.59,5.53,6.42
4514,C,Nandez,Cagliari,8,2.7,,5,21,28,0,0.0,0.0,20,6.02,6.02,32,6.09,6.23,35,6.27,6.33,0,0.0,0.0,6.44
65,C,Mancosu,Cagliari,6,3.6,,3,6,35,0,0.0,0.0,0,0.0,0.0,0,0.0,0.0,33,6.09,7.2,0,0.0,0.0,6.03
6218,C,Oristanio,Cagliari,5,2.0,Luvumbo,4,12,21,0,0.0,0.0,0,0.0,0.0,0,0.0,0.0,0,0.0,0.0,0,0.0,0.0,6.23
6232,C,Makoumbou,Cagliari,5,2.0,,5,8,25,0,0.0,0.0,0,0.0,0.0,0,0.0,0.0,0,0.0,0.0,0,0.0,0.0,6.37
1871,C,Deiola,Cagliari,4,1.6,,3,5,28,0,0.0,0.0,31,5.82,6.16,24,5.65,5.58,11,5.8,6.05,20,5.74,5.65,6.36
6024,C,Sulemana I.,Cagliari,3,1.0,Azzi,4,4,20,13,5.92,5.77,0,0.0,0.0,0,0.0,0.0,0,0.0,0.0,0,0.0,0.0,6.13
2076,C,Rog,Cagliari,1,1.4,,1,1,28,0,0.0,0.0,8,5.81,5.94,14,5.96,5.89,30,6.1,6.07,9,6.07,6.29,6.34
440,C,Viola,Cagliari,1,3.6,,3,4,34,0,0.0,0.0,3,5.67,5.67,17,6.24,7.15,0,0.0,0.0,0,0.0,0.0,6.09
6424,C,Prati,Cagliari,1,1.0,,1,4,20,0,0.0,0.0,0,0.0,0.0,0,0.0,0.0,0,0.0,0.0,0,0.0,0.0,6.13
1939,A,Lapadula,Cagliari,14,2.9,,4,38,33,0,0.0,0.0,0,0.0,0.0,37,5.91,6.5,25,6.1,7.27,8,5.67,6.08,6.77
383,A,Petagna,Cagliari,12,2.8,Pavoletti,4,32,28,31,6.05,6.56,13,6.04,6.77,26,6.16,7.09,36,5.93,6.72,36,6.1,7.32,6.58
5311,A,Shomurodov,Cagliari,12,2.1,Luvumbo,4,22,28,17,5.76,5.97,20,6.1,6.72,31,6.17,6.98,0,0.0,0.0,0,0.0,0.0,7.13
5297,A,Luvumbo,Cagliari,9,1.0,Shomurodov,3,9,21,0,0.0,0.0,0,0.0,0.0,0,0.0,0.0,0,0.0,0.0,0,0.0,0.0,6.35
247,A,Pavoletti,Cagliari,4,2.1,Petagna,3,6,35,0,0.0,0.0,28,5.89,6.32,33,5.98,6.5,2,5.5,5.5,32,6.09,7.53,6.34
4360,P,Caprile,Empoli,6,2.0,Berisha,4,10,22,0,0.0,0.0,0,0.0,0.0,0,0.0,0.0,0,0.0,0.0,0,0.0,0.0,4.71
316,P,Berisha,Empoli,3,1.0,Caprile,3,5,34,0,0.0,0.0,10,6.1,5.55,0,0.0,0.0,26,6.31,4.6,18,5.97,4.56,4.72
673,P,Perisan,Empoli,1,1.0,,1,1,26,7,6.21,4.93,0,0.0,0.0,0,0.0,0.0,0,0.0,0.0,0,0.0,0.0,4.79
6234,P,Stubljar,Empoli,1,1.0,,1,1,19,0,0.0,0.0,0,0.0,0.0,0,0.0,0.0,0,0.0,0.0,0,0.0,0.0,4.51
5480,D,Ebuehi,Empoli,10,3.0,Bereszynski,4,17,28,25,6.06,6.46,17,5.59,5.5,0,0.0,0.0,0,0.0,0.0,0,0.0,0.0,6.41
5332,D,Bastoni S.,Empoli,8,4.3,Maleh,4,32,27,18,6.14,6.5,29,6.12,6.41,22,6.0,6.26,0,0.0,0.0,0,0.0,0.0,6.25
393,D,Luperto,Empoli,7,1.9,,5,10,27,36,5.93,6.01,22,5.75,5.61,23,5.41,5.3,9,5.64,5.5,12,5.65,5.65,6.03
770,D,Pezzella Giu.,Empoli,5,1.8,Cacace,4,5,26,14,5.71,5.71,16,5.97,6.0,24,6.04,6.19,23,5.71,5.66,9,5.2,4.9,6.11
5010,D,Ismajli,Empoli,5,1.8,,5,9,27,25,6.0,5.86,17,5.5,5.06,17,5.78,5.94,0,0.0,0.0,0,0.0,0.0,5.89
2104,D,Bereszynski,Empoli,3,1.1,Ebuehi,3,4,31,17,5.71,5.71,35,5.69,5.6,31,5.84,5.9,28,5.5,5.25,27,5.66,5.6,6.02
4374,D,Walukiewicz,Empoli,2,1.0,,2,4,23,9,5.89,5.89,6,5.67,5.58,19,5.5,5.53,14,5.64,5.61,0,0.0,0.0,5.96
5804,D,Cacace,Empoli,2,2.0,Pezzella Giu.,3,8,23,10,5.65,5.6,8,5.81,5.75,0,0.0,0.0,0,0.0,0.0,0,0.0,0.0,5.98
144,D,Tonelli,Empoli,1,1.2,,2,2,33,1,5.5,5.5,13,5.5,5.19,23,5.95,5.84,9,5.83,5.61,19,5.84,5.74,5.87
6056,D,Guarino,Empoli,1,1.0,,1,2,19,0,0.0,0.0,0,0.0,0.0,0,0.0,0.0,0,0.0,0.0,0,0.0,0.0,5.57
5823,C,Baldanzi,Empoli,14,4.0,,5,39,20,26,6.15,6.58,0,0.0,0.0,0,0.0,0.0,0,0.0,0.0,0,0.0,0.0,6.69
4965,C,Marin,Empoli,8,2.4,,5,14,27,32,5.98,6.2,36,5.9,5.96,37,5.99,6.28,0,0.0,0.0,0,0.0,0.0,6.2
4992,C,Gyasi,Empoli,7,2.1,,3,8,29,35,5.77,5.8,36,5.78,6.08,37,5.96,6.4,0,0.0,0.0,0,0.0,0.0,5.8
27,C,Grassi,Empoli,5,1.1,Fazzini,3,6,28,20,5.92,5.85,28,5.95,5.88,23,5.72,5.55,16,5.93,6.0,7,5.83,5.83,6.36
6010,C,Fazzini,Empoli,5,1.4,Grassi,4,10,20,15,5.9,5.8,0,0.0,0.0,0,0.0,0.0,0,0.0,0.0,0,0.0,0.0,6.16
4896,C,Maldini,Empoli,4,3.3,,3,9,22,15,6.07,6.43,3,6.33,7.17,5,0.0,0.0,2,6.0,6.0,0,0.0,0.0,6.27
5397,C,Kovalenko,Empoli,4,1.4,,3,7,27,13,5.92,5.88,22,5.86,6.07,1,0.0,0.0,0,0.0,0.0,0,0.0,0.0,6.38
5457,C,Maleh,Empoli,4,1.4,Bastoni S.,3,4,25,21,5.81,5.76,23,6.07,6.26,0,0.0,0.0,0,0.0,0.0,0,0.0,0.0,6.35
5884,C,Ranocchia F.,Empoli,4,3.0,,2,6,22,12,6.17,6.42,0,0.0,0.0,0,0.0,0.0,0,0.0,0.0,0,0.0,0.0,6.26
6203,C,Belardinelli,Empoli,1,1.0,,1,3,22,0,0.0,0.0,0,0.0,0.0,0,0.0,0.0,0,0.0,0.0,0,0.0,0.0,6.24
2819,A,Caputo,Empoli,14,3.5,,5,52,36,36,5.88,6.44,38,6.0,6.88,25,6.12,7.65,36,6.32,8.31,38,6.08,7.14,6.1
4436,A,Cambiaghi,Empoli,12,3.3,,5,28,23,25,6.24,6.9,0,0.0,0.0,0,0.0,0.0,0,0.0,0.0,0,0.0,0.0,7.15
5500,A,Cancellieri,Empoli,5,1.0,,3,8,21,6,5.83,5.83,5,6.1,6.6,0,0.0,0.0,0,0.0,0.0,0,0.0,0.0,6.35
472,A,Destro,Empoli,2,2.6,,2,1,32,10,5.7,5.9,27,6.02,6.98,29,6.16,7.42,13,5.67,5.61,17,6.28,7.56,6.81
6395,A,Shpendi S.,Empoli,2,1.0,,1,1,20,0,0.0,0.0,0,0.0,0.0,0,0.0,0.0,0,0.0,0.0,0,0.0,0.0,6.14
6011,A,Ekong,Empoli,1,1.0,,1,1,21,0,0.0,0.0,0,0.0,0.0,0,0.0,0.0,0,0.0,0.0,0,0.0,0.0,6.33
2815,P,Terracciano,Fiorentina,10,2.0,Christensen O.,4,14,33,29,6.0,4.78,32,5.97,4.72,4,6.25,6.0,7,6.36,5.64,10,6.35,5.05,4.73
6403,P,Christensen O.,Fiorentina,2,2.0,Terracciano,3,16,24,0,0.0,0.0,0,0.0,0.0,0,0.0,0.0,0,0.0,0.0,0,0.0,0.0,4.81
6184,P,Martinelli T.,Fiorentina,1,1.0,,1,1,17,0,0.0,0.0,0,0.0,0.0,0,0.0,0.0,0,0.0,0.0,0,0.0,0.0,4.38
252,D,Biraghi,Fiorentina,11,3.7,Parisi,4,24,31,32,6.05,6.19,37,5.96,6.11,35,5.91,6.03,25,5.98,6.43,36,5.89,6.0,6.09
2164,D,Milenkovic,Fiorentina,10,3.1,,5,26,26,27,5.94,6.06,34,5.87,5.81,34,5.84,5.97,37,6.18,6.46,34,5.93,6.06,6.12
5449,D,Parisi,Fiorentina,7,2.8,Biraghi,3,20,23,33,6.14,6.14,23,5.91,5.85,0,0.0,0.0,0,0.0,0.0,0,0.0,0.0,6.27
5885,D,Dodo',Fiorentina,7,2.7,,5,22,25,33,5.88,5.98,0,0.0,0.0,0,0.0,0.0,0,0.0,0.0,0,0.0,0.0,6.07
4210,D,Mina,Fiorentina,7,3.0,Ranieri L.,4,12,29,0,0.0,0.0,0,0.0,0.0,0,0.0,0.0,0,0.0,0.0,0,0.0,0.0,6.14
4378,D,Ranieri L.,Fiorentina,5,1.7,Mina,3,12,24,8,6.25,6.19,27,5.7,5.65,0,0.0,0.0,3,5.5,5.17,0,0.0,0.0,6.06
5323,D,Martinez Quarta,Fiorentina,5,1.8,,2,7,27,27,5.94,5.98,18,5.81,5.75,21,5.87,5.87,0,0.0,0.0,0,0.0,0.0,6.0
6235,D,Kayode,Fiorentina,2,2.0,,2,8,19,0,0.0,0.0,0,0.0,0.0,0,0.0,0.0,0,0.0,0.0,0,0.0,0.0,5.6
6432,D,Pierozzi,Fiorentina,1,1.0,,1,2,22,0,0.0,0.0,0,0.0,0.0,0,0.0,0.0,0,0.0,0.0,0,0.0,0.0,5.88
367,C,Bonaventura,Fiorentina,15,3.9,,5,39,34,28,6.25,6.71,31,6.18,6.56,34,6.03,6.3,29,6.12,6.62,8,6.12,7.25,6.56
4658,C,Ikone',Fiorentina,12,3.4,,5,18,25,30,6.03,6.43,15,5.87,6.1,0,0.0,0.0,0,0.0,0.0,0,0.0,0.0,6.45
2172,C,Barak,Fiorentina,11,2.9,,3,14,29,28,5.82,5.96,29,6.31,7.48,34,6.09,6.69,24,5.89,6.18,8,5.4,5.4,5.95
1933,C,Mandragora,Fiorentina,10,2.4,Lopez M.,4,15,26,28,6.04,6.25,18,6.14,6.06,27,5.87,6.15,26,5.8,5.84,35,5.75,5.9,6.27
4377,C,Castrovilli,Fiorentina,9,3.1,,2,9,26,12,6.08,6.54,23,6.02,6.11,34,5.98,6.39,33,6.35,6.53,0,0.0,0.0,6.38
2839,C,Sottil,Fiorentina,8,2.7,,3,12,24,16,5.97,6.06,22,6.0,6.41,21,6.03,6.32,18,5.83,5.75,2,0.0,0.0,6.36
4285,C,Arthur Melo,Fiorentina,8,2.1,,5,18,27,0,0.0,0.0,15,5.93,5.83,22,6.02,6.1,0,0.0,0.0,0,0.0,0.0,6.43
5788,C,Sabiri,Fiorentina,8,1.9,,3,7,27,18,5.78,5.81,13,6.15,6.88,0,0.0,0.0,0,0.0,0.0,0,0.0,0.0,6.38
4681,C,Lopez M.,Fiorentina,7,2.2,Mandragora,3,22,26,30,5.93,5.75,34,6.09,6.1,29,5.86,5.95,0,0.0,0.0,0,0.0,0.0,5.82
526,C,Duncan,Fiorentina,6,2.3,,3,9,30,21,5.88,5.95,31,5.92,6.13,23,5.77,5.8,26,6.08,6.44,26,6.1,6.6,6.33
6393,C,Infantino,Fiorentina,4,2.0,,2,10,20,0,0.0,0.0,0,0.0,0.0,0,0.0,0.0,0,0.0,0.0,0,0.0,0.0,6.16
6236,C,Amatucci,Fiorentina,2,1.0,,1,1,19,0,0.0,0.0,0,0.0,0.0,0,0.0,0.0,0,0.0,0.0,0,0.0,0.0,6.05
5336,A,Nzola,Fiorentina,22,3.2,Beltran L.,4,81,27,31,6.19,7.39,16,5.88,6.28,25,6.22,7.56,0,0.0,0.0,0,0.0,0.0,7.41
4179,A,Gonzalez N.,Fiorentina,17,3.6,,5,95,25,22,6.11,6.86,33,6.35,7.11,0,0.0,0.0,0,0.0,0.0,0,0.0,0.0,7.06
6409,A,Beltran L.,Fiorentina,15,3.0,Nzola,3,61,22,0,0.0,0.0,0,0.0,0.0,0,0.0,0.0,0,0.0,0.0,0,0.0,0.0,6.67
4184,A,Brekalo,Fiorentina,11,2.7,,3,17,25,6,6.08,6.0,31,6.08,6.81,0,0.0,0.0,0,0.0,0.0,0,0.0,0.0,6.97
2762,A,Kouame',Fiorentina,8,2.0,,3,8,26,28,6.11,6.62,0,0.0,0.0,33,5.7,5.83,18,6.31,7.44,38,6.07,6.46,6.74
4867,P,Turati,Frosinone,5,1.0,,5,8,22,0,0.0,0.0,0,0.0,0.0,0,0.0,0.0,2,6.25,4.25,0,0.0,0.0,4.7
2294,P,Cerofolini,Frosinone,2,1.0,,1,1,24,5,6.1,5.5,0,0.0,0.0,0,0.0,0.0,0,0.0,0.0,0,0.0,0.0,4.74
2799,P,Frattali,Frosinone,1,1.0,,1,1,38,0,0.0,0.0,0,0.0,0.0,0,0.0,0.0,0,0.0,0.0,1,6.5,4.5,4.5
76,D,Romagnoli S.,Frosinone,6,2.3,,3,6,33,4,5.62,5.62,18,5.89,6.03,0,0.0,0.0,0,0.0,0.0,0,0.0,0.0,5.88
2252,D,Marchizza,Frosinone,6,1.2,,5,5,25,5,6.1,6.0,19,5.63,5.47,24,5.84,5.84,0,0.0,0.0,0,0.0,0.0,6.08
4952,D,Monterisi,Frosinone,5,1.0,,4,6,22,0,0.0,0.0,0,0.0,0.0,0,0.0,0.0,1,0.0,0.0,0,0.0,0.0,5.89
2006,D,Lirola,Frosinone,3,1.9,Oyono,3,5,26,0,0.0,0.0,0,0.0,0.0,12,5.91,5.86,35,5.83,5.83,35,5.99,6.21,6.11
6238,D,Oyono,Frosinone,2,2.0,Lirola,4,8,22,0,0.0,0.0,0,0.0,0.0,0,0.0,0.0,0,0.0,0.0,0,0.0,0.0,5.9
4432,D,Okoli,Frosinone,1,1.4,,4,7,22,14,5.71,5.61,0,0.0,0.0,0,0.0,0.0,0,0.0,0.0,0,0.0,0.0,5.9
6411,D,Mateus Lusuardi,Frosinone,1,1.0,,2,1,19,0,0.0,0.0,0,0.0,0.0,0,0.0,0.0,0,0.0,0.0,0,0.0,0.0,5.57
6430,D,Kalaj,Frosinone,1,1.0,,1,1,23,0,0.0,0.0,0,0.0,0.0,0,0.0,0.0,0,0.0,0.0,0,0.0,0.0,5.95
5688,C,Harroui,Frosinone,8,3.0,,5,22,25,17,5.94,6.24,10,5.8,5.7,0,0.0,0.0,0,0.0,0.0,0,0.0,0.0,6.43
5093,C,Reinier,Frosinone,8,3.0,Caso,4,18,21,0,0.0,0.0,0,0.0,0.0,0,0.0,0.0,0,0.0,0.0,0,0.0,0.0,6.26
4947,C,Brescianini,Frosinone,6,1.0,,2,4,23,0,0.0,0.0,0,0.0,0.0,0,0.0,0.0,1,6.0,6.0,0,0.0,0.0,6.29
1976,C,Mazzitelli,Frosinone,5,1.0,,5,6,28,0,0.0,0.0,0,0.0,0.0,0,0.0,0.0,1,0.0,0.0,10,5.72,5.56,6.36
2825,C,Bourabia,Frosinone,4,2.0,,4,8,32,37,5.91,6.0,8,6.06,6.38,15,5.86,6.09,17,5.68,5.47,32,5.82,5.77,5.93
694,C,Baez,Frosinone,4,1.0,Soule',3,6,28,2,5.75,5.75,0,0.0,0.0,0,0.0,0.0,0,0.0,0.0,0,0.0,0.0,6.36
2183,C,Garritano,Frosinone,3,1.0,,2,4,29,0,0.0,0.0,0,0.0,0.0,0,0.0,0.0,0,0.0,0.0,0,0.0,0.0,6.34
6175,C,Barrenechea,Frosinone,3,1.0,,1,6,22,3,5.5,5.5,0,0.0,0.0,0,0.0,0.0,0,0.0,0.0,0,0.0,0.0,6.26
6241,C,Gelli,Frosinone,3,1.0,Reinier,3,1,27,0,0.0,0.0,0,0.0,0.0,0,0.0,0.0,0,0.0,0.0,0,0.0,0.0,6.35
500,C,Lulic K.,Frosinone,1,1.0,,1,3,27,0,0.0,0.0,0,0.0,0.0,0,0.0,0.0,0,0.0,0.0,0,0.0,0.0,6.36
6439,A,Cheddira,Frosinone,10,2.0,,5,28,25,0,0.0,0.0,0,0.0,0.0,0,0.0,0.0,0,0.0,0.0,0,0.0,0.0,7.0
5364,A,Caso,Frosinone,6,2.0,Reinier,3,12,25,0,0.0,0.0,0,0.0,0.0,2,6.5,6.5,0,0.0,0.0,0,0.0,0.0,6.95
5734,A,Soule',Frosinone,4,2.0,Baez,4,14,20,7,6.14,6.57,0,0.0,0.0,0,0.0,0.0,0,0.0,0.0,0,0.0,0.0,6.17
6214,A,Cuni,Frosinone,4,1.0,,2,5,22,0,0.0,0.0,0,0.0,0.0,0,0.0,0.0,0,0.0,0.0,0,0.0,0.0,6.53
6204,A,Kvernadze,Frosinone,3,1.0,,1,6,20,0,0.0,0.0,0,0.0,0.0,0,0.0,0.0,0,0.0,0.0,0,0.0,0.0,6.15
5505,A,Kaio Jorge,Frosinone,1,1.0,,1,9,21,0,0.0,0.0,2,5.75,5.75,0,0.0,0.0,0,0.0,0.0,0,0.0,0.0,6.35
6242,A,Bidaoui,Frosinone,1,1.0,,1,1,33,0,0.0,0.0,0,0.0,0.0,0,0.0,0.0,0,0.0,0.0,0,0.0,0.0,6.67
5116,P,Martinez Jo.,Genoa,8,2.0,,5,17,25,0,0.0,0.0,0,0.0,0.0,0,0.0,0.0,0,0.0,0.0,0,0.0,0.0,4.84
188,P,Leali,Genoa,1,1.0,,1,1,30,0,0.0,0.0,0,0.0,0.0,0,0.0,0.0,0,0.0,0.0,0,0.0,0.0,4.8
219,P,Sommariva,Genoa,1,1.0,,1,1,26,0,0.0,0.0,0,0.0,0.0,0,0.0,0.0,0,0.0,0.0,0,0.0,0.0,4.79
2593,D,Martin,Genoa,8,3.0,Sabelli,3,12,26,0,0.0,0.0,0,0.0,0.0,0,0.0,0.0,0,0.0,0.0,0,0.0,0.0,6.14
5365,D,Dragusin,Genoa,6,1.7,,5,12,21,0,0.0,0.0,18,5.72,5.67,1,0.0,0.0,0,0.0,0.0,0,0.0,0.0,5.83
5514,D,Vasquez,Genoa,6,1.6,,5,7,25,23,5.78,5.76,28,5.89,5.88,0,0.0,0.0,0,0.0,0.0,0,0.0,0.0,5.86
791,D,Sabelli,Genoa,5,2.3,Martin,4,12,30,0,0.0,0.0,7,5.71,5.5,0,0.0,0.0,36,5.89,5.85,0,0.0,0.0,6.11
2083,D,Biraschi,Genoa,4,1.0,,3,3,29,0,0.0,0.0,14,5.61,5.46,13,5.77,5.69,24,5.65,5.46,34,5.81,5.68,6.1
6245,D,Vogliacco,Genoa,4,1.0,,2,4,25,0,0.0,0.0,0,0.0,0.0,0,0.0,0.0,0,0.0,0.0,0,0.0,0.0,6.07
2285,D,Bani,Genoa,3,1.6,,3,6,30,0,0.0,0.0,17,6.0,5.97,26,5.68,5.48,27,5.96,6.19,30,5.65,5.43,6.08
5748,D,Hefti,Genoa,3,1.0,,1,4,26,0,0.0,0.0,16,5.81,5.78,0,0.0,0.0,0,0.0,0.0,0,0.0,0.0,6.1
5695,D,Haps,Genoa,2,1.6,,1,4,30,0,0.0,0.0,25,5.84,5.88,0,0.0,0.0,0,0.0,0.0,0,0.0,0.0,6.07
5739,D,De Winter,Genoa,2,1.0,,1,6,21,13,5.73,5.62,0,0.0,0.0,0,0.0,0.0,0,0.0,0.0,0,0.0,0.0,5.8
6244,D,Matturro,Genoa,1,1.0,,1,1,19,0,0.0,0.0,0,0.0,0.0,0,0.0,0.0,0,0.0,0.0,0,0.0,0.0,5.57
4427,C,Malinovskyi,Genoa,15,4.1,,5,62,30,12,6.0,6.38,29,6.26,6.88,36,6.39,7.44,34,6.27,6.91,0,0.0,0.0,6.58
5800,C,Gudmundsson A.,Genoa,14,4.0,,5,63,26,0,0.0,0.0,11,5.68,5.82,0,0.0,0.0,0,0.0,0.0,0,0.0,0.0,6.64
4404,C,Thorsby,Genoa,8,2.5,Badelj,3,18,27,0,0.0,0.0,35,5.86,6.0,33,6.03,6.18,24,5.74,5.63,0,0.0,0.0,6.43
4970,C,Messias,Genoa,8,3.8,,3,28,32,25,6.0,6.62,26,6.0,6.62,36,6.24,6.99,0,0.0,0.0,0,0.0,0.0,6.5
5791,C,Frendrup,Genoa,7,2.0,,4,13,22,0,0.0,0.0,10,5.8,5.75,0,0.0,0.0,0,0.0,0.0,0,0.0,0.0,6.29
470,C,Strootman,Genoa,6,2.7,,4,8,33,0,0.0,0.0,9,5.72,5.5,18,6.17,6.14,0,0.0,0.0,1,5.5,5.5,6.18
170,C,Badelj,Genoa,5,1.4,Thorsby,4,7,34,0,0.0,0.0,34,5.76,5.79,30,6.14,6.22,22,5.65,5.72,23,5.82,5.73,6.11
6479,C,Kutlu,Genoa,4,1.0,,2,6,25,0,0.0,0.0,0,0.0,0.0,0,0.0,0.0,0,0.0,0.0,0,0.0,0.0,6.36
4384,C,Jagiello,Genoa,2,1.0,,1,5,26,0,0.0,0.0,0,0.0,0.0,0,0.0,0.0,11,6.0,6.2,0,0.0,0.0,6.37
6228,A,Retegui,Genoa,23,4.0,,5,128,24,0,0.0,0.0,0,0.0,0.0,0,0.0,0.0,0,0.0,0.0,0,0.0,0.0,7.14
5506,A,Ekuban,Genoa,3,1.0,,2,2,30,0,0.0,0.0,29,5.71,5.84,0,0.0,0.0,0,0.0,0.0,0,0.0,0.0,7.01
281,A,Puscas,Genoa,1,1.0,,1,2,27,0,0.0,0.0,0,0.0,0.0,0,0.0,0.0,0,0.0,0.0,0,0.0,0.0,7.06
6247,A,Yalcin,Genoa,1,1.0,,1,1,24,0,0.0,0.0,0,0.0,0.0,0,0.0,0.0,0,0.0,0.0,0,0.0,0.0,6.82
2428,P,Sommer,Inter,16,5.0,,5,67,34,0,0.0,0.0,0,0.0,0.0,0,0.0,0.0,0,0.0,0.0,0,0.0,0.0,5.01
761,P,Audero,Inter,1,1.8,,1,1,26,25,6.3,4.88,29,6.12,4.53,37,6.38,5.11,36,6.03,4.29,36,6.04,4.65,4.89
1926,P,Di Gennaro,Inter,1,1.0,,1,1,30,0,0.0,0.0,0,0.0,0.0,0,0.0,0.0,0,0.0,0.0,0,0.0,0.0,4.8
254,D,Dimarco,Inter,20,4.5,Carlos Augusto,4,81,26,33,6.21,6.7,25,6.12,6.34,35,6.14,6.57,16,6.0,5.94,13,6.14,6.23,6.75
5877,D,Carlos Augusto,Inter,17,4.6,Dimarco,3,42,24,35,6.16,6.76,0,0.0,0.0,0,0.0,0.0,0,0.0,0.0,0,0.0,0.0,6.82
2120,D,Bastoni,Inter,14,3.9,,5,48,24,29,6.12,6.14,31,6.21,6.31,33,6.11,6.08,25,5.98,6.04,24,5.95,6.05,6.27
5513,D,Dumfries,Inter,14,4.1,Cuadrado,4,47,27,34,5.91,6.0,32,6.22,6.77,0,0.0,0.0,0,0.0,0.0,0,0.0,0.0,6.06
4177,D,Pavard,Inter,14,5.0,Darmian,4,48,27,0,0.0,0.0,0,0.0,0.0,0,0.0,0.0,0,0.0,0.0,0,0.0,0.0,6.33
2525,D,Darmian,Inter,12,4.0,Pavard,3,23,34,27,6.06,6.19,23,6.13,6.35,29,6.2,6.63,33,5.92,5.95,0,0.0,0.0,6.01
513,D,Acerbi,Inter,10,3.3,De Vrij,4,32,35,31,6.0,5.97,29,5.95,6.31,32,6.05,5.94,36,6.26,6.43,37,6.14,6.31,5.8
697,D,Cuadrado,Inter,10,3.7,Dumfries,3,34,35,30,5.85,5.92,32,6.3,6.62,30,6.31,6.64,33,6.05,6.18,18,5.78,5.97,5.76
322,D,De Vrij,Inter,8,2.7,Acerbi,3,13,31,25,5.94,5.98,28,5.8,5.68,32,6.22,6.28,34,6.29,6.6,28,6.07,6.18,5.89
6217,D,Bisseck,Inter,3,1.0,,2,6,23,0,0.0,0.0,0,0.0,0.0,0,0.0,0.0,0,0.0,0.0,0,0.0,0.0,5.97
1870,C,Barella,Inter,20,4.6,,5,78,26,35,6.26,6.86,36,6.49,6.92,36,6.29,6.61,27,6.07,6.09,35,6.13,6.07,6.88
2194,C,Calhanoglu,Inter,17,4.2,,5,69,29,33,6.36,6.74,33,6.36,7.2,33,6.27,6.85,35,6.3,7.24,36,5.91,6.27,6.7
2848,C,Frattesi,Inter,17,3.8,Mkhitaryan,3,54,24,36,6.26,6.79,36,6.08,6.36,0,0.0,0.0,0,0.0,0.0,0,0.0,0.0,6.83
2529,C,Mkhitaryan,Inter,13,4.2,Frattesi,4,42,34,31,6.1,6.39,31,6.21,6.82,34,6.32,7.74,22,6.25,7.59,0,0.0,0.0,6.28
4182,C,Klaassen,Inter,9,3.0,,3,18,30,0,0.0,0.0,0,0.0,0.0,0,0.0,0.0,0,0.0,0.0,0,0.0,0.0,6.37
1978,C,Sensi,Inter,6,2.7,,2,10,28,27,6.02,6.26,14,5.93,6.11,18,6.0,5.91,12,6.29,7.04,28,6.05,6.27,6.23
5719,C,Asllani,Inter,3,1.8,,2,8,21,13,5.92,5.85,18,6.0,6.17,0,0.0,0.0,0,0.0,0.0,0,0.0,0.0,6.21
2764,A,Martinez L.,Inter,40,4.8,,5,436,26,37,6.42,8.16,33,6.38,8.02,38,6.46,7.87,35,6.21,7.29,27,6.07,6.84,8.35
4871,A,Thuram,Inter,25,4.0,Arnautovic,4,180,26,0,0.0,0.0,0,0.0,0.0,0,0.0,0.0,0,0.0,0.0,0,0.0,0.0,7.46
4268,A,Arnautovic,Inter,23,3.6,Thuram,3,122,34,21,6.38,7.74,32,6.28,7.44,0,0.0,0.0,0,0.0,0.0,0,0.0,0.0,6.82
2475,A,Sanchez,Inter,14,3.6,,3,44,35,0,0.0,0.0,22,6.14,6.91,30,6.38,7.34,22,6.44,7.5,0,0.0,0.0,6.44
453,P,Szczesny,Juventus,15,4.7,,5,71,33,28,6.11,5.18,33,6.12,5.48,30,6.22,5.38,29,6.19,5.14,28,6.14,5.54,5.14
218,P,Perin,Juventus,3,1.4,,3,5,31,11,6.41,6.05,5,6.1,4.7,32,6.25,4.83,21,6.12,4.29,9,5.89,4.94,4.8
1930,P,Pinsoglio,Juventus,1,1.0,,1,1,33,0,0.0,0.0,1,6.5,5.5,1,6.0,5.0,1,6.0,6.0,1,5.5,3.5,4.73
4237,D,Danilo,Juventus,16,4.2,,5,52,32,37,6.2,6.46,21,6.14,6.24,34,6.29,6.41,22,5.77,5.95,0,0.0,0.0,6.33
2788,D,Bremer,Juventus,13,4.6,,5,52,26,30,6.05,6.35,33,6.39,6.59,33,6.08,6.5,27,5.78,6.0,5,5.75,5.5,6.4
5520,D,Cambiaso,Juventus,7,3.4,Kostic,4,22,23,31,5.97,6.03,25,5.94,6.12,0,0.0,0.0,0,0.0,0.0,0,0.0,0.0,6.17
662,D,Alex Sandro,Juventus,6,2.3,Gatti,3,12,32,23,5.61,5.52,27,5.76,5.67,26,6.06,6.23,29,5.97,6.07,31,6.05,6.14,5.45
5831,D,Gatti,Juventus,6,2.3,Alex Sandro,4,12,25,16,5.94,5.81,0,0.0,0.0,0,0.0,0.0,0,0.0,0.0,0,0.0,0.0,6.11
294,D,Rugani,Juventus,2,2.1,,2,6,29,7,6.0,6.0,12,5.96,5.88,16,5.79,6.04,10,5.31,5.19,15,5.93,6.23,6.11
358,D,De Sciglio,Juventus,2,1.9,,2,6,31,17,5.76,5.76,16,6.06,6.25,1,6.0,6.0,9,6.0,5.93,22,6.02,6.02,6.03
6433,D,Huijsen,Juventus,1,1.0,,1,1,18,0,0.0,0.0,0,0.0,0.0,0,0.0,0.0,0,0.0,0.0,0,0.0,0.0,5.45
2379,C,Rabiot,Juventus,22,3.8,,5,96,28,32,6.3,7.03,29,5.71,5.69,34,5.8,6.09,28,5.91,5.93,0,0.0,0.0,7.01
4711,C,Kostic,Juventus,14,3.6,Cambiaso,3,30,31,36,6.11,6.6,0,0.0,0.0,0,0.0,0.0,0,0.0,0.0,0,0.0,0.0,6.5
4465,C,Fagioli,Juventus,12,3.6,Pogba,4,30,22,23,6.13,6.59,0,0.0,0.0,1,6.0,6.0,0,0.0,0.0,0,0.0,0.0,6.66
303,C,Pogba,Juventus,12,3.0,Fagioli,3,28,30,5,6.0,6.0,0,0.0,0.0,0,0.0,0.0,0,0.0,0.0,0,0.0,0.0,6.42
827,C,Locatelli,Juventus,11,3.3,,5,29,25,31,6.15,6.08,29,6.16,6.47,34,6.28,6.53,33,6.24,6.17,29,5.94,6.21,6.15
4662,C,Weah,Juventus,10,3.0,,4,32,23,0,0.0,0.0,0,0.0,0.0,0,0.0,0.0,0,0.0,0.0,0,0.0,0.0,6.42
4973,C,Mckennie,Juventus,8,2.6,,3,17,25,15,5.7,5.97,19,6.18,6.63,34,6.17,6.61,0,0.0,0.0,0,0.0,0.0,6.41
5813,C,Miretti,Juventus,5,2.0,,2,11,20,25,5.96,6.02,4,6.0,6.0,0,0.0,0.0,0,0.0,0.0,0,0.0,0.0,6.16
6112,C,Iling Junior,Juventus,5,2.0,,1,12,20,8,6.19,6.62,0,0.0,0.0,0,0.0,0.0,0,0.0,0.0,0,0.0,0.0,6.17
4349,C,Nicolussi Caviglia,Juventus,1,1.0,,1,2,23,11,5.73,5.91,0,0.0,0.0,0,0.0,0.0,0,0.0,0.0,3,6.0,6.0,6.28
2841,A,Vlahovic,Juventus,28,4.6,Milik,4,342,23,25,6.06,7.16,36,6.4,8.35,37,6.27,8.01,30,5.91,6.46,10,5.62,5.62,7.54
2002,A,Chiesa,Juventus,19,3.6,,5,142,26,21,6.12,6.6,14,6.21,6.79,32,6.45,7.43,34,6.31,7.15,37,6.24,6.73,7.37
2012,A,Milik,Juventus,18,3.3,Vlahovic,3,92,29,27,6.09,6.74,0,0.0,0.0,0,0.0,0.0,26,6.1,7.27,35,6.07,7.53,6.72
2097,A,Kean,Juventus,10,2.9,,2,20,23,23,5.89,6.52,25,5.96,6.56,0,0.0,0.0,0,0.0,0.0,13,6.35,8.05,6.8
6434,A,Yildiz,Juventus,1,1.0,,1,1,18,0,0.0,0.0,0,0.0,0.0,0,0.0,0.0,0,0.0,0.0,0,0.0,0.0,5.71
2814,P,Provedel,Lazio,15,3.4,,5,60,29,38,6.26,5.46,31,6.26,4.48,29,6.05,4.24,0,0.0,0.0,16,5.84,3.59,5.43
159,P,Sepe,Lazio,1,1.8,,1,1,32,17,6.29,5.15,16,6.22,4.66,36,6.0,3.89,34,6.26,4.96,37,6.09,4.43,4.76
6482,P,Mandas,Lazio,1,1.0,,1,1,22,0,0.0,0.0,0,0.0,0.0,0,0.0,0.0,0,0.0,0.0,0,0.0,0.0,4.67
460,D,Romagnoli,Lazio,13,3.6,,5,36,28,34,6.21,6.29,17,6.0,6.0,22,5.98,6.0,35,6.11,6.14,32,6.27,6.28,6.28
5498,D,Casale,Lazio,10,2.9,,5,22,25,29,6.0,6.03,34,5.85,5.75,0,0.0,0.0,0,0.0,0.0,0,0.0,0.0,6.12
140,D,Hysaj,Lazio,7,2.4,Lazzari,4,15,29,30,5.97,6.05,27,5.63,5.69,24,5.93,5.93,20,5.87,6.05,27,5.76,5.76,6.01
2188,D,Marusic,Lazio,7,2.4,Hysaj,4,15,31,33,6.02,5.92,33,5.65,5.65,36,5.79,5.94,15,6.14,6.54,26,5.8,5.88,5.84
2263,D,Lazzari,Lazio,6,3.0,Hysaj,3,16,30,26,6.0,5.77,27,5.91,6.3,32,6.12,6.34,32,6.19,6.16,33,6.35,6.48,5.73
327,D,Patric,Lazio,4,1.4,,2,5,30,17,6.12,6.09,21,5.76,5.71,25,5.72,5.59,21,5.83,5.74,15,5.75,5.71,6.07
2728,D,Pellegrini Lu.,Lazio,4,2.2,,3,8,24,3,6.17,5.83,17,6.09,5.97,11,5.59,5.41,24,6.04,6.04,16,5.91,5.84,6.04
5833,D,Gila,Lazio,1,1.0,,1,2,23,2,5.5,5.5,0,0.0,0.0,0,0.0,0.0,0,0.0,0.0,0,0.0,0.0,5.95
632,C,Zaccagni,Lazio,26,4.7,,5,155,28,35,6.54,7.44,30,6.3,6.93,36,6.3,6.79,34,6.11,6.36,0,0.0,0.0,7.43
2085,C,Luis Alberto,Lazio,22,4.8,,5,116,31,34,6.34,6.93,34,6.15,6.81,34,6.31,7.03,36,6.46,7.31,27,5.98,6.48,6.88
335,C,Felipe Anderson,Lazio,22,4.8,Isaksen,4,128,30,38,6.25,7.0,38,6.14,6.8,0,0.0,0.0,0,0.0,0.0,0,0.0,0.0,6.97
5948,C,Kamada,Lazio,15,4.0,Guendouzi,4,66,27,0,0.0,0.0,0,0.0,0.0,0,0.0,0.0,0,0.0,0.0,0,0.0,0.0,6.66
4186,C,Guendouzi,Lazio,13,4.0,Kamada,3,34,24,0,0.0,0.0,0,0.0,0.0,0,0.0,0.0,0,0.0,0.0,0,0.0,0.0,6.47
333,C,Cataldi,Lazio,8,2.2,Rovella,4,12,29,28,5.98,5.93,30,6.03,6.08,19,5.73,5.58,21,6.09,6.22,12,6.09,6.64,5.92
181,C,Vecino,Lazio,6,2.3,,3,7,32,30,5.95,6.05,10,6.0,6.25,8,6.38,7.38,20,5.97,6.25,30,5.85,6.07,5.97
4459,C,Rovella,Lazio,4,2.4,Cataldi,3,10,22,25,6.1,6.16,20,6.1,6.12,20,5.83,5.83,2,6.0,6.0,0,0.0,0.0,6.25
5674,C,Basic,Lazio,3,1.9,,2,6,27,14,6.0,6.18,20,5.85,5.88,0,0.0,0.0,0,0.0,0.0,0,0.0,0.0,6.37
785,A,Immobile,Lazio,31,4.6,,5,327,33,29,6.22,7.48,31,6.6,9.02,35,6.23,7.7,37,6.57,9.49,36,6.04,7.41,7.28
6226,A,Castellanos,Lazio,12,2.0,,3,28,25,0,0.0,0.0,0,0.0,0.0,0,0.0,0.0,0,0.0,0.0,0,0.0,0.0,7.0
2489,A,Pedro,Lazio,11,2.9,,2,18,36,36,6.12,6.53,32,6.25,7.14,27,5.88,6.44,0,0.0,0.0,0,0.0,0.0,6.16
6398,A,Isaksen,Lazio,11,2.0,Felipe Anderson,3,21,22,0,0.0,0.0,0,0.0,0.0,0,0.0,0.0,0,0.0,0.0,0,0.0,0.0,6.57
2134,P,Falcone,Lecce,9,3.6,,5,22,28,38,6.25,5.09,10,6.45,4.95,0,0.0,0.0,2,6.0,3.25,0,0.0,0.0,5.08
4351,P,Brancolini,Lecce,1,1.0,,1,1,22,0,0.0,0.0,0,0.0,0.0,0,0.0,0.0,1,0.0,0.0,0,0.0,0.0,4.67
6406,P,Borbei,Lecce,1,1.0,,1,1,20,0,0.0,0.0,0,0.0,0.0,0,0.0,0.0,0,0.0,0.0,0,0.0,0.0,4.57
5835,D,Baschirotto,Lecce,11,4.0,,5,36,27,37,6.07,6.23,0,0.0,0.0,0,0.0,0.0,0,0.0,0.0,0,0.0,0.0,6.25
4502,D,Gallo,Lecce,6,1.4,,5,9,23,31,5.82,5.65,0,0.0,0.0,0,0.0,0.0,0,0.0,0.0,0,0.0,0.0,5.81
5867,D,Gendrey,Lecce,6,2.0,Venuti,4,8,23,36,5.88,5.85,0,0.0,0.0,0,0.0,0.0,0,0.0,0.0,0,0.0,0.0,5.99
5603,D,Pongracic,Lecce,5,1.0,,5,6,26,9,6.0,5.89,0,0.0,0.0,0,0.0,0.0,0,0.0,0.0,0,0.0,0.0,6.11
2174,D,Venuti,Lecce,3,1.0,Gendrey,3,5,28,16,5.72,5.66,21,5.79,5.6,28,5.67,5.58,16,5.81,5.73,0,0.0,0.0,6.12
6257,D,Dorgu,Lecce,3,2.0,,2,8,19,0,0.0,0.0,0,0.0,0.0,0,0.0,0.0,0,0.0,0.0,0,0.0,0.0,5.6
6465,D,Touba,Lecce,3,1.0,,2,5,25,0,0.0,0.0,0,0.0,0.0,0,0.0,0.0,0,0.0,0.0,0,0.0,0.0,6.08
139,D,Dermaku,Lecce,1,2.3,,1,1,31,1,5.5,5.5,0,0.0,0.0,2,5.75,5.75,16,6.07,6.0,0,0.0,0.0,6.0
6223,D,Smajlovic,Lecce,1,1.0,,1,1,20,0,0.0,0.0,0,0.0,0.0,0,0.0,0.0,0,0.0,0.0,0,0.0,0.0,5.68
4486,C,Strefezza,Lecce,18,4.4,,5,77,26,34,6.31,6.97,0,0.0,0.0,0,0.0,0.0,32,5.91,5.92,0,0.0,0.0,6.97
6394,C,Ramadani,Lecce,7,2.0,,5,11,27,0,0.0,0.0,0,0.0,0.0,0,0.0,0.0,0,0.0,0.0,0,0.0,0.0,6.4
5869,C,Blin,Lecce,6,1.6,,3,5,27,34,5.94,5.91,0,0.0,0.0,0,0.0,0.0,0,0.0,0.0,0,0.0,0.0,5.93
5999,C,Gonzalez J.,Lecce,6,2.0,Kaba,3,9,21,34,5.96,5.91,0,0.0,0.0,0,0.0,0.0,0,0.0,0.0,0,0.0,0.0,6.04
6061,C,Oudin,Lecce,6,2.7,,2,9,27,25,5.98,6.3,0,0.0,0.0,0,0.0,0.0,0,0.0,0.0,0,0.0,0.0,6.29
6222,C,Rafia,Lecce,6,2.0,,5,16,24,0,0.0,0.0,0,0.0,0.0,0,0.0,0.0,0,0.0,0.0,0,0.0,0.0,6.38
6410,C,Kaba,Lecce,6,1.0,Gonzalez J.,4,7,22,0,0.0,0.0,0,0.0,0.0,0,0.0,0.0,0,0.0,0.0,0,0.0,0.0,6.26
6168,C,Faticanti,Lecce,1,1.0,,1,6,19,0,0.0,0.0,0,0.0,0.0,0,0.0,0.0,0,0.0,0.0,0,0.0,0.0,6.07
6435,A,Krstovic,Lecce,13,3.0,,5,66,23,0,0.0,0.0,0,0.0,0.0,0,0.0,0.0,0,0.0,0.0,0,0.0,0.0,6.84
6207,A,Almqvist,Lecce,11,2.0,Banda,4,28,24,0,0.0,0.0,0,0.0,0.0,0,0.0,0.0,0,0.0,0.0,0,0.0,0.0,6.88
6001,A,Banda,Lecce,9,2.0,Almqvist,3,16,22,32,6.05,6.17,0,0.0,0.0,0,0.0,0.0,0,0.0,0.0,0,0.0,0.0,6.52
4359,A,Piccoli,Lecce,7,2.1,,3,8,22,16,5.84,6.22,8,5.69,6.06,20,6.07,7.14,1,5.5,5.5,2,5.5,5.5,6.53
6418,A,Burnete,Lecce,1,1.0,,1,2,19,0,0.0,0.0,0,0.0,0.0,0,0.0,0.0,0,0.0,0.0,0,0.0,0.0,5.93
6419,A,Corfitzen,Lecce,1,1.0,,1,1,19,0,0.0,0.0,0,0.0,0.0,0,0.0,0.0,0,0.0,0.0,0,0.0,0.0,5.93
4312,P,Maignan,Milan,17,5.0,,5,89,28,22,6.16,5.34,32,6.27,5.62,0,0.0,0.0,0,0.0,0.0,0,0.0,0.0,5.37
4,P,Sportiello,Milan,1,1.8,,1,1,31,15,6.13,4.73,5,6.3,5.3,15,6.23,5.03,6,6.17,5.33,35,6.11,4.21,4.78
41,P,Mirante,Milan,1,1.6,,1,1,40,0,0.0,0.0,0,0.0,0.0,13,6.15,4.85,5,6.5,5.5,11,6.55,6.27,4.37
4292,D,Hernandez T.,Milan,18,4.7,,5,88,26,32,6.11,6.41,32,6.3,6.69,33,6.21,6.86,33,6.33,6.73,0,0.0,0.0,6.49
4751,D,Tomori,Milan,13,3.7,,5,43,26,33,6.08,6.09,31,6.29,6.23,17,6.26,6.44,0,0.0,0.0,0,0.0,0.0,6.16
6055,D,Thiaw,Milan,11,2.0,Kjaer,4,27,22,19,5.92,5.79,0,0.0,0.0,0,0.0,0.0,0,0.0,0.0,0,0.0,0.0,5.99
357,D,Calabria,Milan,10,3.4,Kalulu,4,22,27,23,5.96,6.09,26,6.15,6.42,32,6.23,6.28,25,5.76,5.8,26,5.9,5.96,6.11
4976,D,Kalulu,Milan,7,2.5,Calabria,3,15,23,32,5.75,5.78,24,6.33,6.46,13,5.65,5.9,0,0.0,0.0,0,0.0,0.0,5.94
2633,D,Kjaer,Milan,3,2.4,Thiaw,3,8,34,14,5.96,5.82,10,6.2,5.9,28,6.27,6.25,20,6.0,5.9,0,0.0,0.0,5.8
464,D,Florenzi,Milan,2,2.5,,1,5,32,4,5.88,5.75,20,6.12,6.4,0,0.0,0.0,14,6.0,5.88,29,6.03,6.31,5.96
6460,D,Pellegrino,Milan,1,1.0,,1,1,21,0,0.0,0.0,0,0.0,0.0,0,0.0,0.0,0,0.0,0.0,0,0.0,0.0,5.78
2423,C,Pulisic,Milan,20,5.0,Chukwueze,4,126,25,0,0.0,0.0,0,0.0,0.0,0,0.0,0.0,0,0.0,0.0,0,0.0,0.0,6.93
4856,C,Chukwueze,Milan,19,5.0,Pulisic,3,75,24,0,0.0,0.0,0,0.0,0.0,0,0.0,0.0,0,0.0,0.0,0,0.0,0.0,6.66
4199,C,Loftus-Cheek,Milan,14,3.0,,5,33,27,0,0.0,0.0,0,0.0,0.0,0,0.0,0.0,0,0.0,0.0,0,0.0,0.0,6.5
6224,C,Reijnders,Milan,13,4.0,,5,40,25,0,0.0,0.0,0,0.0,0.0,0,0.0,0.0,0,0.0,0.0,0,0.0,0.0,6.52
2818,C,Bennacer,Milan,9,2.6,,3,9,26,28,6.23,6.46,28,6.27,6.41,21,5.74,5.69,31,6.03,5.9,37,5.9,5.86,6.45
5295,C,Musah,Milan,9,3.0,Krunic,3,18,21,0,0.0,0.0,0,0.0,0.0,0,0.0,0.0,0,0.0,0.0,0,0.0,0.0,6.26
148,C,Krunic,Milan,7,2.1,Musah,4,14,30,22,5.95,5.82,23,6.13,6.15,25,5.88,6.12,15,5.77,5.73,33,6.0,6.5,5.8
5298,C,Pobega,Milan,6,3.0,,3,8,24,14,5.96,6.25,31,6.26,6.5,20,6.1,6.85,0,0.0,0.0,0,0.0,0.0,6.34
5510,C,Romero L.,Milan,3,2.0,,1,8,19,2,6.25,7.75,2,5.5,5.5,0,0.0,0.0,0,0.0,0.0,0,0.0,0.0,6.08
5875,C,Adli,Milan,1,1.0,,1,3,23,4,5.62,5.5,0,0.0,0.0,0,0.0,0.0,0,0.0,0.0,0,0.0,0.0,6.29
4510,A,Rafael Leao,Milan,32,4.6,,5,282,24,34,6.47,7.9,34,6.63,7.84,30,6.02,6.78,31,6.07,6.78,0,0.0,0.0,8.14
4200,A,Giroud,Milan,28,4.0,,5,200,37,33,6.24,7.42,29,6.26,7.43,0,0.0,0.0,0,0.0,0.0,0,0.0,0.0,7.04
6227,A,Okafor,Milan,16,3.0,,3,52,23,0,0.0,0.0,0,0.0,0.0,0,0.0,0.0,0,0.0,0.0,0,0.0,0.0,6.81
2438,A,Jovic,Milan,13,2.7,,3,28,26,27,5.98,6.56,0,0.0,0.0,0,0.0,0.0,0,0.0,0.0,0,0.0,0.0,6.7
5876,P,Di Gregorio,Monza,12,3.4,,5,37,26,37,6.28,4.99,0,0.0,0.0,0,0.0,0.0,0,0.0,0.0,0,0.0,0.0,5.03
217,P,Lamanna,Monza,1,1.0,,1,1,34,0,0.0,0.0,0,0.0,0.0,0,0.0,0.0,0,0.0,0.0,0,0.0,0.0,4.7
5853,P,Sorrentino A.,Monza,1,1.0,,1,1,21,0,0.0,0.0,0,0.0,0.0,0,0.0,0.0,0,0.0,0.0,0,0.0,0.0,4.62
6255,P,Gori,Monza,1,1.0,,1,1,27,0,0.0,0.0,0,0.0,0.0,0,0.0,0.0,0,0.0,0.0,0,0.0,0.0,4.8
4530,D,Kyriakopoulos,Monza,8,2.9,Birindelli,3,15,27,21,6.05,6.21,25,5.88,5.92,23,5.79,5.86,26,6.0,6.0,0,0.0,0.0,6.17
4904,D,Mari',Monza,8,3.0,,5,18,30,29,5.93,5.97,15,6.27,6.57,0,0.0,0.0,0,0.0,0.0,0,0.0,0.0,5.91
226,D,Izzo,Monza,7,2.6,,5,18,31,29,6.03,5.97,9,5.83,5.61,25,5.96,6.14,31,5.79,5.74,37,6.23,6.5,5.88
253,D,D'ambrosio,Monza,7,3.4,Caldirola,3,14,35,13,5.96,5.96,15,6.23,6.47,19,6.06,7.12,22,6.08,6.58,30,5.95,6.19,5.73
4958,D,Caldirola,Monza,7,2.4,D'ambrosio,4,10,32,30,5.93,6.03,0,0.0,0.0,25,5.75,5.91,0,0.0,0.0,0,0.0,0.0,5.9
5838,D,Birindelli,Monza,6,1.0,Kyriakopoulos,4,5,24,30,5.83,5.77,0,0.0,0.0,0,0.0,0.0,0,0.0,0.0,0,0.0,0.0,5.89
4925,D,Carboni A.,Monza,3,1.0,,2,3,22,3,5.33,5.33,28,5.64,5.46,15,5.64,5.64,7,5.5,5.0,0,0.0,0.0,5.88
5757,D,Cittadini,Monza,2,1.0,,1,4,21,0,0.0,0.0,0,0.0,0.0,0,0.0,0.0,0,0.0,0.0,0,0.0,0.0,5.8
729,D,Pereira P.,Monza,1,1.0,,1,1,26,0,0.0,0.0,0,0.0,0.0,35,5.72,5.75,0,0.0,0.0,26,5.52,5.5,6.09
2737,D,Bettella,Monza,1,1.0,,1,1,23,0,0.0,0.0,0,0.0,0.0,0,0.0,0.0,0,0.0,0.0,0,0.0,0.0,5.95
6149,D,Carboni F.,Monza,1,1.0,,1,1,20,2,6.25,6.25,0,0.0,0.0,0,0.0,0.0,0,0.0,0.0,0,0.0,0.0,5.68
5880,C,Ciurria,Monza,14,4.0,,5,42,28,35,6.19,6.81,0,0.0,0.0,0,0.0,0.0,0,0.0,0.0,0,0.0,0.0,6.76
2741,C,Pessina,Monza,13,3.8,,5,40,26,35,6.14,6.57,24,5.9,6.06,28,6.23,6.46,35,6.04,6.56,12,6.1,6.3,6.58
5878,C,Colpani,Monza,12,3.6,,5,25,24,24,6.1,6.62,0,0.0,0.0,0,0.0,0.0,0,0.0,0.0,0,0.0,0.0,6.65
801,C,Gagliardini,Monza,7,2.6,,5,12,29,13,5.62,5.46,15,6.1,6.57,28,6.05,6.5,24,5.94,6.33,19,6.1,6.97,6.37
666,C,Machin,Monza,6,1.6,,2,6,27,21,5.9,5.9,0,0.0,0.0,0,0.0,0.0,0,0.0,0.0,2,5.75,6.25,6.37
5286,C,Akpa Akpro,Monza,2,1.4,,2,3,31,24,6.04,6.0,6,5.33,5.25,32,5.96,5.82,0,0.0,0.0,0,0.0,0.0,5.94
5879,C,Vignato S.,Monza,2,1.0,,1,1,19,2,6.25,6.75,0,0.0,0.0,0,0.0,0.0,0,0.0,0.0,0,0.0,0.0,6.05
5992,C,Bondo,Monza,1,1.0,,1,1,20,2,5.75,5.5,0,0.0,0.0,0,0.0,0.0,0,0.0,0.0,0,0.0,0.0,6.12
6106,C,Carboni V.,Monza,1,1.0,,1,4,18,0,0.0,0.0,0,0.0,0.0,0,0.0,0.0,0,0.0,0.0,0,0.0,0.0,5.98
1958,A,Caprari,Monza,14,2.9,,5,41,30,36,6.03,6.4,34,6.54,7.75,30,6.0,6.52,30,5.94,6.42,21,6.0,6.93,6.32
5882,A,Mota,Monza,10,2.7,Colombo,3,16,25,29,6.09,6.64,0,0.0,0.0,0,0.0,0.0,0,0.0,0.0,0,0.0,0.0,6.82
4923,A,Colombo,Monza,9,2.3,Mota,4,40,21,26,5.94,6.37,0,0.0,0.0,4,5.75,5.75,1,0.0,0.0,0,0.0,0.0,6.74
6250,A,Maric,Monza,2,1.0,,1,1,28,0,0.0,0.0,0,0.0,0.0,0,0.0,0.0,0,0.0,0.0,0,0.0,0.0,7.07
572,P,Meret,Napoli,16,4.2,,5,80,26,34,6.18,5.56,7,5.86,5.0,22,6.2,4.89,22,6.16,4.8,14,6.18,5.46,5.58
610,P,Gollini,Napoli,1,2.8,,1,1,28,7,6.07,5.21,0,0.0,0.0,25,6.1,5.26,33,6.15,4.83,20,6.22,5.15,4.81
2845,P,Contini,Napoli,1,1.0,,1,1,27,0,0.0,0.0,0,0.0,0.0,0,0.0,0.0,0,0.0,0.0,0,0.0,0.0,4.8
2816,D,Di Lorenzo,Napoli,20,4.4,,5,96,30,37,6.26,6.58,33,6.2,6.36,36,5.97,6.15,33,5.88,6.17,37,6.03,6.41,6.53
4409,D,Rrahmani,Napoli,14,4.1,,5,44,29,28,6.14,6.36,33,6.27,6.56,16,6.14,6.29,36,5.94,5.9,0,0.0,0.0,6.32
142,D,Mario Rui,Napoli,10,2.9,Olivera,3,20,32,22,6.11,6.25,34,6.03,6.07,27,5.92,5.9,24,5.85,5.74,20,5.82,5.87,6.11
6396,D,Natan,Napoli,8,3.0,Juan Jesus,3,17,22,0,0.0,0.0,0,0.0,0.0,0,0.0,0.0,0,0.0,0.0,0,0.0,0.0,5.95
5840,D,Olivera,Napoli,7,4.0,Mario Rui,4,24,26,24,6.02,6.27,0,0.0,0.0,0,0.0,0.0,0,0.0,0.0,0,0.0,0.0,6.31
256,D,Juan Jesus,Napoli,6,3.1,Natan,4,21,32,12,6.08,6.25,15,6.03,6.07,5,5.75,5.75,4,5.0,4.67,20,5.78,5.72,6.03
5527,D,Zanoli,Napoli,3,3.0,,1,6,23,20,6.0,6.32,6,5.92,5.75,0,0.0,0.0,0,0.0,0.0,0,0.0,0.0,5.97
5750,D,Ostigard,Napoli,3,1.4,,2,9,24,6,6.0,5.92,15,5.63,5.43,0,0.0,0.0,0,0.0,0.0,0,0.0,0.0,6.05
152,C,Zielinski,Napoli,21,4.4,Elmas,4,82,29,37,6.3,6.72,34,6.12,6.78,36,6.39,7.28,37,5.99,6.18,36,6.15,6.62,6.7
536,C,Politano,Napoli,15,4.0,Raspadori,4,66,30,23,6.22,6.54,31,6.13,6.5,37,6.22,7.01,26,5.93,6.27,36,6.04,6.51,6.5
5949,C,Lindstrom,Napoli,15,4.0,Politano,3,60,23,0,0.0,0.0,0,0.0,0.0,0,0.0,0.0,0,0.0,0.0,0,0.0,0.0,6.56
4479,C,Elmas,Napoli,14,3.7,Zielinski,3,36,24,34,6.15,6.69,32,6.11,6.48,33,5.88,6.17,26,5.97,6.03,0,0.0,0.0,6.72
4220,C,Zambo Anguissa,Napoli,14,3.8,,5,34,28,36,6.25,6.6,23,6.28,6.22,0,0.0,0.0,0,0.0,0.0,0,0.0,0.0,6.56
4287,C,Lobotka,Napoli,13,2.7,,5,27,29,38,6.26,6.34,21,6.29,6.38,15,6.0,5.8,14,6.12,6.12,0,0.0,0.0,6.3
6402,C,Cajuste ,Napoli,6,2.0,,2,12,24,0,0.0,0.0,0,0.0,0.0,0,0.0,0.0,0,0.0,0.0,0,0.0,0.0,6.36
4364,C,Gaetano,Napoli,2,1.0,,1,4,23,4,6.12,6.88,0,0.0,0.0,0,0.0,0.0,0,0.0,0.0,2,0.0,0.0,6.29
4725,C,Demme,Napoli,1,2.1,,1,1,32,2,5.75,5.75,13,5.92,6.0,24,6.21,6.45,15,5.93,5.93,0,0.0,0.0,6.2
5998,C,Zerbin,Napoli,1,1.0,,1,1,24,4,5.75,5.62,0,0.0,0.0,0,0.0,0.0,0,0.0,0.0,0,0.0,0.0,6.31
4661,A,Osimhen,Napoli,44,4.9,,5,442,25,32,6.73,9.14,27,6.48,7.98,24,6.33,7.58,0,0.0,0.0,0,0.0,0.0,9.28
5839,A,Kvaratskhelia,Napoli,30,4.6,,5,261,22,34,6.62,7.96,0,0.0,0.0,0,0.0,0.0,0,0.0,0.0,0,0.0,0.0,8.26
2061,A,Simeone,Napoli,12,3.0,,3,30,28,12,6.29,7.33,35,6.17,7.54,33,5.71,6.34,37,6.01,7.01,36,5.66,6.23,7.15
4371,A,Raspadori,Napoli,9,2.6,Politano,3,35,23,23,5.89,6.22,36,6.07,6.89,27,6.28,7.15,11,6.21,7.07,0,0.0,0.0,6.54
4270,P,Rui Patricio,Roma,12,4.0,,5,47,35,35,6.0,5.07,38,6.17,5.09,0,0.0,0.0,0,0.0,0.0,0,0.0,0.0,5.0
5304,P,Boer,Roma,1,1.0,,1,1,21,0,0.0,0.0,0,0.0,0.0,0,0.0,0.0,0,0.0,0.0,0,0.0,0.0,4.62
5841,P,Svilar,Roma,1,1.0,,1,1,24,3,6.0,4.83,0,0.0,0.0,0,0.0,0.0,0,0.0,0.0,0,0.0,0.0,4.74
4245,D,Smalling,Roma,14,4.4,,5,46,34,32,6.31,6.52,25,6.18,6.46,16,5.93,5.89,30,6.05,6.35,0,0.0,0.0,6.33
1852,D,Spinazzola,Roma,12,4.2,El Shaarawy,4,26,30,26,6.04,6.25,2,6.25,6.0,27,6.2,6.52,24,6.25,6.43,10,6.0,6.11,6.17
2296,D,Mancini,Roma,10,3.1,,5,26,27,35,6.11,6.16,33,5.88,5.64,33,6.14,6.41,32,6.03,5.88,30,6.22,6.69,6.18
4317,D,N'dicka,Roma,8,3.0,Llorente D.,3,18,24,0,0.0,0.0,0,0.0,0.0,0,0.0,0.0,0,0.0,0.0,0,0.0,0.0,6.09
6220,D,Kristensen,Roma,8,2.0,Zalewski,4,10,26,0,0.0,0.0,0,0.0,0.0,0,0.0,0.0,0,0.0,0.0,0,0.0,0.0,6.13
5239,D,Llorente D.,Roma,6,3.0,N'dicka,4,17,30,8,6.06,6.06,0,0.0,0.0,0,0.0,0.0,0,0.0,0.0,0,0.0,0.0,6.13
2180,D,Karsdorp,Roma,3,1.8,,2,5,28,12,5.71,5.71,35,6.07,6.0,34,6.06,6.29,0,0.0,0.0,11,5.78,5.72,6.12
4495,D,Kumbulla,Roma,2,1.4,,2,3,23,5,5.4,5.1,13,5.77,5.58,21,5.87,5.84,25,6.15,6.12,0,0.0,0.0,5.96
4657,D,Celik,Roma,2,1.4,,1,7,26,21,5.81,5.69,0,0.0,0.0,0,0.0,0.0,0,0.0,0.0,0,0.0,0.0,6.12
795,C,El Shaarawy,Roma,16,4.2,Spinazzola,3,35,31,26,6.37,7.15,24,5.92,6.27,10,5.67,5.94,0,0.0,0.0,28,6.18,7.43,7.0
4142,C,Aouar,Roma,16,4.0,Renato Sanches,4,47,25,0,0.0,0.0,0,0.0,0.0,0,0.0,0.0,0,0.0,0.0,0,0.0,0.0,6.55
530,C,Pellegrini Lo.,Roma,15,4.1,,5,62,27,32,5.97,6.33,27,6.28,7.13,34,6.3,6.94,27,6.2,6.5,25,6.18,6.46,6.37
2543,C,Renato Sanches,Roma,12,3.0,Aouar,3,32,26,0,0.0,0.0,0,0.0,0.0,0,0.0,0.0,0,0.0,0.0,0,0.0,0.0,6.49
779,C,Cristante,Roma,10,1.6,Paredes,4,17,28,36,5.99,5.89,34,5.97,5.96,34,5.82,5.77,26,5.77,5.81,35,5.87,6.13,5.91
5422,C,Zalewski,Roma,8,2.2,Kristensen,3,10,21,32,5.98,6.16,13,5.85,5.81,1,6.0,7.0,0,0.0,0.0,0,0.0,0.0,6.27
468,C,Paredes,Roma,7,1.4,Cristante,3,13,29,20,5.78,5.78,0,0.0,0.0,0,0.0,0.0,0,0.0,0.0,0,0.0,0.0,6.38
5423,C,Bove,Roma,6,2.3,,2,7,21,17,6.03,6.15,2,6.5,8.0,1,0.0,0.0,0,0.0,0.0,0,0.0,0.0,6.21
6420,C,Pagano,Roma,1,1.0,,1,1,19,0,0.0,0.0,0,0.0,0.0,0,0.0,0.0,0,0.0,0.0,0,0.0,0.0,6.05
2531,A,Lukaku,Roma,30,4.7,,5,312,30,25,6.24,7.66,0,0.0,0.0,36,6.63,8.89,36,6.42,8.33,0,0.0,0.0,7.6
309,A,Dybala,Roma,28,4.6,,5,286,30,25,6.64,8.24,28,6.36,7.45,20,6.11,6.89,33,6.67,7.84,30,5.94,6.56,8.1
2544,A,Abraham,Roma,14,3.6,,3,50,26,34,6.19,6.96,37,6.26,7.62,0,0.0,0.0,0,0.0,0.0,0,0.0,0.0,7.07
441,A,Belotti,Roma,12,3.0,,3,52,30,22,5.8,5.75,22,6.2,7.32,35,6.43,7.6,36,6.16,7.41,37,6.19,7.28,5.74
5795,A,Azmoun,Roma,12,3.0,,1,40,28,0,0.0,0.0,0,0.0,0.0,0,0.0,0.0,0,0.0,0.0,0,0.0,0.0,7.17
6120,P,Ochoa,Salernitana,9,3.0,,5,27,38,20,6.48,4.95,0,0.0,0.0,0,0.0,0.0,0,0.0,0.0,0,0.0,0.0,4.62
1947,P,Fiorillo,Salernitana,1,1.0,,1,1,33,1,6.0,4.0,1,6.0,1.0,0,0.0,0.0,0,0.0,0.0,0,0.0,0.0,4.73
2338,P,Costil,Salernitana,1,1.0,,1,1,36,0,0.0,0.0,0,0.0,0.0,0,0.0,0.0,0,0.0,0.0,0,0.0,0.0,4.61
5481,D,Mazzocchi,Salernitana,11,3.6,,5,37,28,27,6.17,6.46,32,5.84,5.83,0,0.0,0.0,0,0.0,0.0,0,0.0,0.0,6.43
5532,D,Bradaric,Salernitana,7,1.4,Martegani,4,11,24,30,5.75,5.77,0,0.0,0.0,0,0.0,0.0,0,0.0,0.0,0,0.0,0.0,5.9
660,D,Gyomber,Salernitana,6,1.8,,5,7,31,23,6.0,5.93,30,5.72,5.57,0,0.0,0.0,0,0.0,0.0,0,0.0,0.0,5.84
4897,D,Pirola,Salernitana,5,2.0,,5,10,21,25,5.78,5.94,0,0.0,0.0,0,0.0,0.0,1,0.0,0.0,0,0.0,0.0,6.12
4934,D,Lovato,Salernitana,5,1.3,,5,6,23,14,5.57,5.5,21,5.98,5.86,24,5.93,5.81,1,0.0,0.0,0,0.0,0.0,5.97
5856,D,Sambia,Salernitana,3,1.6,,2,5,27,13,5.88,5.92,0,0.0,0.0,0,0.0,0.0,0,0.0,0.0,0,0.0,0.0,6.13
2016,D,Fazio,Salernitana,2,1.2,,2,2,36,12,5.67,5.79,16,5.69,5.78,6,5.9,6.3,16,5.7,5.77,34,5.85,6.21,5.56
5554,D,Daniliuc,Salernitana,2,1.0,,1,4,22,27,5.69,5.5,0,0.0,0.0,0,0.0,0.0,0,0.0,0.0,0,0.0,0.0,5.7
6028,D,Bronn,Salernitana,1,1.0,,1,3,28,21,5.57,5.43,0,0.0,0.0,0,0.0,0.0,0,0.0,0.0,0,0.0,0.0,6.11
332,C,Candreva,Salernitana,17,4.7,,5,75,36,35,6.21,6.89,36,6.18,6.85,35,6.23,6.88,32,6.22,6.87,18,6.0,6.27,6.73
5504,C,Coulibaly L.,Salernitana,8,2.2,,5,10,27,35,6.06,6.23,31,5.79,5.74,0,0.0,0.0,0,0.0,0.0,0,0.0,0.0,6.23
2117,C,Kastanos,Salernitana,7,2.4,Botheim,4,12,25,22,6.02,6.2,25,5.9,5.94,0,0.0,0.0,0,0.0,0.0,1,5.5,5.5,6.24
6448,C,Martegani,Salernitana,5,1.0,Bradaric,3,6,23,0,0.0,0.0,0,0.0,0.0,0,0.0,0.0,0,0.0,0.0,0,0.0,0.0,6.3
5798,C,Bohinen,Salernitana,4,1.0,,2,6,24,19,5.82,5.82,10,5.95,5.8,0,0.0,0.0,0,0.0,0.0,0,0.0,0.0,6.33
4988,C,Maggiore,Salernitana,3,1.6,,2,4,25,15,5.8,5.73,35,6.07,6.2,33,6.09,6.36,0,0.0,0.0,0,0.0,0.0,6.35
5919,C,Tchaouna,Salernitana,3,1.0,,1,5,20,0,0.0,0.0,0,0.0,0.0,0,0.0,0.0,0,0.0,0.0,0,0.0,0.0,6.14
6423,C,Legowski,Salernitana,1,1.0,,1,1,20,0,0.0,0.0,0,0.0,0.0,0,0.0,0.0,0,0.0,0.0,0,0.0,0.0,6.12
5672,A,Dia,Salernitana,26,4.6,,5,156,27,33,6.27,7.82,0,0.0,0.0,0,0.0,0.0,0,0.0,0.0,0,0.0,0.0,7.84
5842,A,Botheim,Salernitana,7,1.4,Kastanos,3,10,23,17,5.85,6.15,0,0.0,0.0,0,0.0,0.0,0,0.0,0.0,0,0.0,0.0,6.7
5807,A,Jovane,Salernitana,5,1.0,,2,8,25,0,0.0,0.0,3,5.83,6.83,0,0.0,0.0,0,0.0,0.0,0,0.0,0.0,6.94
6425,A,Ikwuemesi,Salernitana,2,1.0,,1,2,22,0,0.0,0.0,0,0.0,0.0,0,0.0,0.0,0,0.0,0.0,0,0.0,0.0,6.52
5843,A,Valencia D.,Salernitana,1,1.0,,1,1,23,6,5.67,5.58,0,0.0,0.0,0,0.0,0.0,0,0.0,0.0,0,0.0,0.0,6.68
6427,A,Stewart,Salernitana,1,1.0,,1,1,23,0,0.0,0.0,0,0.0,0.0,0,0.0,0.0,0,0.0,0.0,0,0.0,0.0,6.68
509,P,Consigli,Sassuolo,5,1.7,,4,15,36,35,6.04,4.47,37,6.27,4.62,37,6.38,4.93,31,6.11,4.42,36,6.25,4.89,4.42
2178,P,Cragno,Sassuolo,3,1.9,,3,8,29,1,5.0,2.0,35,6.24,4.57,34,6.37,4.79,16,6.47,5.31,38,6.45,5.17,4.84
510,P,Pegolo,Sassuolo,1,1.0,,1,1,42,2,6.25,4.75,1,6.0,3.0,1,6.5,6.5,5,6.7,5.9,3,6.0,4.5,4.22
6426,D,Pedersen,Sassuolo,7,2.0,Toljan,3,10,23,0,0.0,0.0,0,0.0,0.0,0,0.0,0.0,0,0.0,0.0,0,0.0,0.0,5.99
4426,D,Toljan,Sassuolo,6,1.7,Pedersen,4,9,29,31,5.69,5.68,19,5.84,5.84,26,5.79,5.83,29,5.91,5.95,0,0.0,0.0,5.67
4982,D,Erlic,Sassuolo,6,2.0,,5,10,25,27,5.7,5.59,30,5.95,6.07,27,5.82,6.14,0,0.0,0.0,0,0.0,0.0,5.71
5718,D,Viti,Sassuolo,6,1.4,Tressoldi,3,7,21,0,0.0,0.0,19,5.82,5.63,0,0.0,0.0,0,0.0,0.0,0,0.0,0.0,5.81
5747,D,Tressoldi,Sassuolo,5,1.4,Viti,4,7,24,21,5.64,5.21,5,5.5,5.4,0,0.0,0.0,0,0.0,0.0,0,0.0,0.0,6.04
5509,D,Vina,Sassuolo,4,1.0,,5,6,26,1,5.5,5.5,23,5.74,5.74,0,0.0,0.0,0,0.0,0.0,0,0.0,0.0,6.11
1895,D,Ferrari G.,Sassuolo,3,2.0,,3,10,31,27,5.8,5.81,36,5.75,5.75,34,6.07,6.03,23,5.91,5.84,31,5.97,6.21,5.73
6189,D,Missori,Sassuolo,2,1.0,,1,1,19,0,0.0,0.0,0,0.0,0.0,0,0.0,0.0,0,0.0,0.0,0,0.0,0.0,5.57
5451,C,Bajrami,Sassuolo,13,3.4,Thorstvedt,4,36,24,36,5.83,6.01,34,6.25,6.88,0,0.0,0.0,0,0.0,0.0,0,0.0,0.0,6.11
5511,C,Matheus Henrique,Sassuolo,9,2.2,,5,9,26,30,5.9,6.27,20,5.88,5.8,0,0.0,0.0,0,0.0,0.0,0,0.0,0.0,6.28
5844,C,Thorstvedt,Sassuolo,6,2.3,Bajrami,3,7,24,25,6.0,6.2,0,0.0,0.0,0,0.0,0.0,0,0.0,0.0,0,0.0,0.0,6.25
2692,C,Castillejo,Sassuolo,5,2.6,,3,9,28,0,0.0,0.0,3,6.33,6.17,28,5.88,5.92,22,6.21,6.61,31,5.95,6.55,6.38
6219,C,Boloca,Sassuolo,5,2.0,,4,12,25,0,0.0,0.0,0,0.0,0.0,0,0.0,0.0,0,0.0,0.0,0,0.0,0.0,6.39
5267,C,Racic,Sassuolo,4,2.0,,3,8,25,0,0.0,0.0,0,0.0,0.0,0,0.0,0.0,0,0.0,0.0,0,0.0,0.0,6.37
4501,C,Obiang,Sassuolo,2,1.0,,2,3,31,13,5.88,5.81,0,0.0,0.0,33,5.85,5.77,25,5.81,5.65,0,0.0,0.0,6.26
5735,C,Volpato,Sassuolo,2,1.0,,2,4,20,6,6.0,6.67,1,7.0,10.0,0,0.0,0.0,0,0.0,0.0,0,0.0,0.0,6.13
6246,C,Lipani,Sassuolo,1,1.0,,1,1,18,0,0.0,0.0,0,0.0,0.0,0,0.0,0.0,0,0.0,0.0,0,0.0,0.0,5.97
531,A,Berardi,Sassuolo,30,4.6,,5,271,29,24,6.58,8.1,33,6.71,8.33,30,6.6,8.37,31,6.5,7.85,35,6.1,6.77,8.03
6060,A,Lauriente',Sassuolo,21,3.6,,5,105,25,28,6.39,7.18,0,0.0,0.0,0,0.0,0.0,0,0.0,0.0,0,0.0,0.0,7.35
2038,A,Pinamonti,Sassuolo,13,2.4,Mulattieri,4,57,24,32,5.67,6.06,36,6.15,7.21,8,6.25,7.0,32,5.7,6.12,27,5.8,6.48,6.37
6205,A,Mulattieri,Sassuolo,11,2.0,Pinamonti,3,22,23,0,0.0,0.0,0,0.0,0.0,0,0.0,0.0,0,0.0,0.0,0,0.0,0.0,6.73
643,A,Defrel,Sassuolo,9,1.8,,3,12,32,25,5.74,5.96,30,5.85,6.08,28,5.93,6.3,17,5.94,6.62,36,5.97,6.94,5.8
5845,A,Alvarez A.,Sassuolo,4,1.0,,1,5,22,10,5.95,6.35,0,0.0,0.0,0,0.0,0.0,0,0.0,0.0,0,0.0,0.0,6.53
5776,A,Ceide,Sassuolo,2,1.0,,1,1,22,14,5.89,5.96,1,5.5,5.5,0,0.0,0.0,0,0.0,0.0,0,0.0,0.0,6.52
2170,P,Milinkovic-Savic V.,Torino,10,2.8,,5,31,26,38,6.03,4.89,27,6.02,4.85,5,5.8,4.6,0,0.0,0.0,2,5.75,3.25,4.93
4525,P,Gemello,Torino,1,1.0,,1,1,23,0,0.0,0.0,1,6.5,6.5,0,0.0,0.0,0,0.0,0.0,0,0.0,0.0,4.71
6210,P,Popa,Torino,1,1.0,,1,1,23,0,0.0,0.0,0,0.0,0.0,0,0.0,0.0,0,0.0,0.0,0,0.0,0.0,4.71
6041,D,Schuurs,Torino,15,4.4,,5,46,24,29,6.21,6.19,0,0.0,0.0,0,0.0,0.0,0,0.0,0.0,0,0.0,0.0,6.31
2724,D,Buongiorno,Torino,10,2.9,,5,23,24,34,6.12,6.15,18,5.86,5.81,12,5.67,5.5,0,0.0,0.0,0,0.0,0.0,6.25
2169,D,Rodriguez R.,Torino,8,1.9,,5,10,31,34,6.0,5.96,32,5.86,5.84,16,5.41,5.38,5,5.8,5.8,35,5.84,5.83,5.87
4887,D,Bellanova,Torino,7,2.7,,5,25,23,11,6.0,6.0,31,5.82,5.9,0,0.0,0.0,1,6.0,6.0,0,0.0,0.0,6.06
4994,D,Vojvoda,Torino,6,2.7,,5,16,28,27,5.85,5.98,29,6.02,6.07,24,5.71,6.03,0,0.0,0.0,0,0.0,0.0,5.98
2869,D,Djidji,Torino,5,1.6,,3,7,31,32,5.77,5.81,24,5.88,5.75,20,5.58,5.64,17,5.31,5.12,17,5.97,5.91,5.73
4385,D,Lazaro,Torino,4,2.7,,3,8,27,20,6.0,6.05,0,0.0,0.0,0,0.0,0.0,6,5.83,5.83,0,0.0,0.0,6.14
5691,D,Zima,Torino,3,1.6,,2,4,23,8,5.81,5.81,18,5.89,5.81,0,0.0,0.0,0,0.0,0.0,0,0.0,0.0,5.96
6474,D,Sazonov,Torino,3,1.0,,2,4,21,0,0.0,0.0,0,0.0,0.0,0,0.0,0.0,0,0.0,0.0,0,0.0,0.0,5.8
5686,D,Soppy,Torino,1,1.6,,1,3,21,12,5.75,5.88,19,5.92,5.82,0,0.0,0.0,0,0.0,0.0,0,0.0,0.0,5.79
6253,D,N'guessan,Torino,1,1.0,,1,1,20,0,0.0,0.0,0,0.0,0.0,0,0.0,0.0,0,0.0,0.0,0,0.0,0.0,5.68
5687,C,Vlasic,Torino,17,4.0,,5,68,26,34,6.22,6.82,0,0.0,0.0,0,0.0,0.0,0,0.0,0.0,0,0.0,0.0,6.83
5453,C,Ricci S.,Torino,13,2.8,,5,23,22,28,6.16,6.3,30,5.88,5.95,0,0.0,0.0,0,0.0,0.0,0,0.0,0.0,6.39
5007,C,Ilic,Torino,12,3.0,Tameze,4,28,22,25,6.06,6.34,32,6.06,6.08,29,5.93,6.11,0,0.0,0.0,0,0.0,0.0,6.43
5063,C,Radonjic,Torino,12,3.6,,5,27,27,26,6.19,6.54,0,0.0,0.0,0,0.0,0.0,0,0.0,0.0,0,0.0,0.0,6.52
4890,C,Tameze,Torino,8,2.1,Ilic,3,10,29,37,5.81,5.77,36,6.25,6.58,33,5.92,5.92,7,6.17,6.17,0,0.0,0.0,5.77
2008,C,Linetty,Torino,6,1.6,,3,6,28,29,5.95,5.93,16,5.78,5.72,27,5.69,5.71,28,5.96,6.43,32,5.97,6.17,5.93
6170,C,Gineitis,Torino,1,1.0,,1,1,19,2,6.0,5.5,0,0.0,0.0,0,0.0,0.0,0,0.0,0.0,0,0.0,0.0,6.05
479,A,Sanabria,Torino,23,3.5,Zapata D.,3,71,27,31,6.27,7.52,25,6.18,6.88,14,5.93,7.0,24,6.0,6.8,15,5.79,6.18,7.53
608,A,Zapata D.,Torino,19,3.8,Sanabria,4,180,32,24,5.96,6.27,24,6.38,7.73,37,6.42,7.88,28,6.54,8.66,37,6.45,8.35,6.17
2325,A,Karamoh,Torino,10,1.6,,3,6,25,15,6.1,6.83,0,0.0,0.0,24,5.81,6.12,14,5.64,6.0,1,0.0,0.0,6.94
2103,A,Pellegri,Torino,8,2.0,,2,10,22,11,6.0,6.5,10,5.9,6.15,0,0.0,0.0,0,0.0,0.0,0,0.0,0.0,6.54
5806,A,Seck,Torino,3,1.0,,1,3,22,9,6.06,6.06,3,6.0,6.0,0,0.0,0.0,0,0.0,0.0,0,0.0,0.0,6.52
2211,P,Silvestri,Udinese,9,2.8,,5,31,32,38,6.24,4.97,35,6.17,4.73,34,6.21,4.9,35,6.2,4.94,0,0.0,0.0,4.93
543,P,Padelli,Udinese,1,1.0,,1,1,38,0,0.0,0.0,3,6.17,3.5,1,6.0,5.0,3,5.33,4.0,0,0.0,0.0,4.5
6462,P,Okoye,Udinese,1,1.0,,1,1,24,0,0.0,0.0,0,0.0,0.0,0,0.0,0.0,0,0.0,0.0,0,0.0,0.0,4.74
5677,D,Perez N.,Udinese,9,2.6,,5,12,23,33,6.02,6.0,20,5.75,5.65,0,0.0,0.0,0,0.0,0.0,0,0.0,0.0,6.13
5847,D,Bijol,Udinese,9,3.0,,5,21,24,32,5.88,6.03,0,0.0,0.0,0,0.0,0.0,0,0.0,0.0,0,0.0,0.0,6.14
5555,D,Kamara H.,Udinese,7,2.0,Zemura,4,10,29,0,0.0,0.0,0,0.0,0.0,0,0.0,0.0,0,0.0,0.0,0,0.0,0.0,6.13
6211,D,Zemura,Udinese,6,2.0,Kamara H.,3,7,24,0,0.0,0.0,0,0.0,0.0,0,0.0,0.0,0,0.0,0.0,0,0.0,0.0,6.04
49,D,Masina,Udinese,5,2.0,Kabasele,3,7,29,11,5.91,6.36,0,0.0,0.0,0,0.0,0.0,0,0.0,0.0,0,0.0,0.0,6.12
5848,D,Ebosele,Udinese,5,1.0,Ferreira J.,3,6,21,10,6.0,6.0,0,0.0,0.0,0,0.0,0.0,0,0.0,0.0,0,0.0,0.0,5.8
4263,D,Kabasele,Udinese,5,1.0,Masina,4,5,32,0,0.0,0.0,0,0.0,0.0,0,0.0,0.0,0,0.0,0.0,0,0.0,0.0,5.96
6047,D,Ehizibue,Udinese,4,1.6,,3,6,28,21,5.79,5.93,0,0.0,0.0,0,0.0,0.0,0,0.0,0.0,0,0.0,0.0,6.13
5994,D,Ebosse,Udinese,2,1.0,,2,3,24,14,5.64,5.54,0,0.0,0.0,0,0.0,0.0,0,0.0,0.0,0,0.0,0.0,6.02
6256,D,Ferreira J.,Udinese,2,1.0,Ebosele,1,1,22,0,0.0,0.0,0,0.0,0.0,0,0.0,0.0,0,0.0,0.0,0,0.0,0.0,5.87
6485,D,Kristensen T.,Udinese,2,1.0,,1,3,21,0,0.0,0.0,0,0.0,0.0,0,0.0,0.0,0,0.0,0.0,0,0.0,0.0,5.79
6023,D,Guessand A.,Udinese,1,1.0,,1,1,19,1,6.5,6.5,0,0.0,0.0,0,0.0,0.0,0,0.0,0.0,0,0.0,0.0,5.57
5119,C,Samardzic,Udinese,17,4.0,,5,50,21,32,6.05,6.59,13,6.12,6.73,0,0.0,0.0,0,0.0,0.0,0,0.0,0.0,6.7
5850,C,Lovric,Udinese,15,4.0,,5,53,25,36,6.18,6.71,0,0.0,0.0,0,0.0,0.0,0,0.0,0.0,0,0.0,0.0,6.74
2392,C,Walace,Udinese,6,1.3,,5,9,28,37,5.95,5.89,35,5.89,5.86,30,5.91,5.84,20,5.88,5.82,0,0.0,0.0,5.9
6481,C,Payero,Udinese,5,2.0,,3,8,25,0,0.0,0.0,0,0.0,0.0,0,0.0,0.0,0,0.0,0.0,0,0.0,0.0,6.37
4787,C,Quina,Udinese,3,1.0,,2,4,24,0,0.0,0.0,0,0.0,0.0,0,0.0,0.0,0,0.0,0.0,0,0.0,0.0,6.32
6212,C,Zarraga,Udinese,2,1.0,,1,4,24,0,0.0,0.0,0,0.0,0.0,0,0.0,0.0,0,0.0,0.0,0,0.0,0.0,6.32
6221,C,Camara E.,Udinese,2,1.0,,1,4,29,0,0.0,0.0,0,0.0,0.0,0,0.0,0.0,0,0.0,0.0,0,0.0,0.0,6.34
5824,C,Pafundi,Udinese,1,1.0,,1,1,17,2,5.75,5.75,0,0.0,0.0,0,0.0,0.0,0,0.0,0.0,0,0.0,0.0,5.89
2119,A,Deulofeu,Udinese,13,3.1,Thauvin,3,20,29,15,6.37,7.07,34,6.51,7.68,13,6.0,6.33,0,0.0,0.0,0,0.0,0.0,7.1
2369,A,Thauvin,Udinese,11,2.0,Deulofeu,4,16,30,11,5.68,5.68,0,0.0,0.0,0,0.0,0.0,0,0.0,0.0,0,0.0,0.0,7.04
5637,A,Davis K.,Udinese,10,2.0,Lucca,3,24,25,0,0.0,0.0,0,0.0,0.0,0,0.0,0.0,0,0.0,0.0,0,0.0,0.0,6.99
6213,A,Brenner,Udinese,10,2.0,,2,12,23,0,0.0,0.0,0,0.0,0.0,0,0.0,0.0,0,0.0,0.0,0,0.0,0.0,6.71
5676,A,Success,Udinese,7,1.9,,1,9,27,30,5.93,6.17,19,6.26,6.82,0,0.0,0.0,0,0.0,0.0,0,0.0,0.0,6.28
6215,A,Lucca,Udinese,7,2.0,Davis K.,4,20,23,0,0.0,0.0,0,0.0,0.0,0,0.0,0.0,0,0.0,0.0,0,0.0,0.0,6.73
5060,A,Ake' M.,Udinese,1,1.0,,2,2,22,0,0.0,0.0,2,6.0,5.75,0,0.0,0.0,0,0.0,0.0,0,0.0,0.0,6.52
6160,A,Vivaldo,Udinese,1,1.0,,1,1,18,1,6.0,6.0,0,0.0,0.0,0,0.0,0.0,0,0.0,0.0,0,0.0,0.0,5.71
4957,P,Montipo',Verona,8,1.3,,5,13,27,37,6.19,4.66,34,6.09,4.69,37,5.99,3.97,0,0.0,0.0,0,0.0,0.0,4.69
4491,P,Berardi A.,Verona,1,1.0,,1,1,32,0,0.0,0.0,1,6.5,3.5,1,6.0,6.0,0,0.0,0.0,0,0.0,0.0,4.76
511,P,Perilli,Verona,1,1.0,,1,1,28,1,6.5,6.5,0,0.0,0.0,0,0.0,0.0,0,0.0,0.0,0,0.0,0.0,4.81
5851,D,Doig,Verona,11,4.3,,5,20,21,21,6.07,6.52,0,0.0,0.0,0,0.0,0.0,0,0.0,0.0,0,0.0,0.0,5.87
581,D,Faraoni,Verona,9,3.6,,5,16,32,21,5.95,6.17,32,6.08,6.48,34,6.07,6.46,36,6.1,6.51,0,0.0,0.0,6.01
6046,D,Hien,Verona,7,1.7,,5,15,24,32,5.94,5.8,0,0.0,0.0,0,0.0,0.0,0,0.0,0.0,0,0.0,0.0,5.93
4493,D,Dawidowicz,Verona,5,1.1,,5,5,28,22,5.8,5.8,15,5.77,5.67,30,5.87,5.72,15,5.9,5.9,0,0.0,0.0,5.81
5812,D,Terracciano F.,Verona,4,2.7,,3,7,20,13,6.08,6.12,0,0.0,0.0,0,0.0,0.0,0,0.0,0.0,0,0.0,0.0,5.71
2758,D,Gunter,Verona,3,1.1,,3,4,29,23,5.63,5.7,30,5.8,5.57,27,5.98,5.98,32,5.81,5.69,14,5.67,5.62,5.69
2769,D,Magnani,Verona,3,1.3,,4,4,28,24,5.81,5.58,14,5.79,5.61,25,6.09,5.83,10,5.67,5.92,19,6.11,6.11,5.61
5316,D,Amione,Verona,2,1.0,,1,5,21,27,5.69,5.63,0,0.0,0.0,0,0.0,0.0,0,0.0,0.0,0,0.0,0.0,5.84
5764,D,Coppola D.,Verona,2,1.0,,1,2,20,16,5.81,5.66,3,5.83,5.83,0,0.0,0.0,0,0.0,0.0,0,0.0,0.0,5.68
6039,D,Cabal,Verona,2,1.0,,1,4,22,9,5.89,5.72,0,0.0,0.0,0,0.0,0.0,0,0.0,0.0,0,0.0,0.0,5.89
236,C,Lazovic,Verona,14,4.0,Saponara,4,42,33,30,6.25,6.82,34,6.22,6.49,32,6.15,6.58,38,6.2,6.57,33,5.95,6.32,6.68
150,C,Saponara,Verona,10,3.6,Lazovic,3,29,32,24,6.06,6.6,24,6.31,6.79,11,6.19,6.81,17,6.0,6.47,22,6.12,6.52,6.49
6216,C,Mboula,Verona,9,2.0,,3,12,24,0,0.0,0.0,0,0.0,0.0,0,0.0,0.0,0,0.0,0.0,0,0.0,0.0,6.36
4342,C,Duda,Verona,8,1.4,,5,14,29,14,5.82,5.68,0,0.0,0.0,0,0.0,0.0,0,0.0,0.0,0,0.0,0.0,6.38
5499,C,Hongla,Verona,5,1.0,,5,4,25,8,5.69,5.44,13,5.77,5.88,0,0.0,0.0,0,0.0,0.0,0,0.0,0.0,6.35
6458,C,Serdar,Verona,5,1.0,,2,7,26,0,0.0,0.0,0,0.0,0.0,0,0.0,0.0,0,0.0,0.0,0,0.0,0.0,6.38
6480,C,Tchatchoua,Verona,4,1.0,,2,5,22,0,0.0,0.0,0,0.0,0.0,0,0.0,0.0,0,0.0,0.0,0,0.0,0.0,6.25
6252,C,Folorunsho,Verona,3,2.0,Lazovic,3,12,25,0,0.0,0.0,0,0.0,0.0,0,0.0,0.0,0,0.0,0.0,0,0.0,0.0,6.39
6486,C,Suslov,Verona,3,1.0,,1,5,21,0,0.0,0.0,0,0.0,0.0,0,0.0,0.0,0,0.0,0.0,0,0.0,0.0,6.2
5947,C,Hrustic,Verona,2,1.0,,1,4,27,5,5.4,5.4,0,0.0,0.0,0,0.0,0.0,0,0.0,0.0,0,0.0,0.0,6.36
6254,C,Joselito,Verona,1,1.0,,1,1,19,0,0.0,0.0,0,0.0,0.0,0,0.0,0.0,0,0.0,0.0,0,0.0,0.0,6.05
6145,A,Ngonge,Verona,14,3.0,,4,50,23,13,6.04,6.73,0,0.0,0.0,0,0.0,0.0,0,0.0,0.0,0,0.0,0.0,6.8
5529,A,Henry,Verona,11,1.9,,2,6,29,15,5.9,6.17,32,6.0,6.69,0,0.0,0.0,0,0.0,0.0,0,0.0,0.0,7.07
5471,A,Djuric,Verona,10,1.8,Bonazzoli,4,10,33,24,5.98,6.06,32,6.05,6.55,0,0.0,0.0,0,0.0,0.0,0,0.0,0.0,5.84
505,A,Bonazzoli,Verona,8,2.3,Djuric,3,8,26,21,6.0,6.36,31,6.23,7.1,22,5.97,6.53,19,6.22,7.19,0,0.0,0.0,7.03
5395,A,Braaf,Verona,1,1.0,,1,1,21,6,5.58,5.5,0,0.0,0.0,4,6.17,7.17,0,0.0,0.0,0,0.0,0.0,6.33
5439,A,Kallon,Verona,1,1.0,,1,2,22,22,5.84,6.0,13,5.88,5.85,1,6.5,6.5,0,0.0,0.0,0,0.0,0.0,6.36
